{"stats":{"minecraft:mined":{"minecraft:grass_block":6,"minecraft:dirt":10,"minecraft:spruce_leaves":10,"minecraft:spruce_log":13,"minecraft:powder_snow":9},"minecraft:custom":{"minecraft:time_since_rest":1516,"minecraft:crouch_one_cm":3736,"minecraft:sprint_one_cm":8914,"minecraft:play_time":6830,"minecraft:deaths":1,"minecraft:damage_taken":280,"minecraft:walk_one_cm":3141,"minecraft:sneak_time":1179,"minecraft:jump":134,"minecraft:damage_dealt":53,"minecraft:leave_game":2,"minecraft:time_since_death":1491,"minecraft:total_world_time":6830,"minecraft:interact_with_crafting_table":1,"minecraft:fall_one_cm":5966,"minecraft:fly_one_cm":24802},"minecraft:used":{"minecraft:wooden_axe":10,"minecraft:dirt":14,"minecraft:crafting_table":1,"minecraft:spruce_planks":27},"minecraft:crafted":{"minecraft:crafting_table":1,"minecraft:spruce_planks":36,"minecraft:stick":4,"minecraft:wooden_axe":1},"minecraft:picked_up":{"minecraft:stick":1,"minecraft:spruce_sapling":1,"minecraft:spruce_log":12,"minecraft:dirt":16}},"DataVersion":3465}