{"stats":{"minecraft:dropped":{"minecraft:moss_carpet":4,"minecraft:moss_block":4,"minecraft:stone_sword":1,"minecraft:wooden_pickaxe":1},"minecraft:mined":{"iceandfire:silver_ore":5,"minecraft:cherry_log":1,"alexsmobs:leafcutter_anthill":1,"minecraft:jungle_leaves":1,"minecraft:dark_oak_log":5,"minecraft:clay":17,"minecraft:crafting_table":8,"minecraft:cave_vines_plant":2,"minecraft:grass_block":10,"unusualprehistory:deepslate_fossil":1,"minecraft:jungle_log":2,"gobber2:gobber2_lucky_block":11,"iceandfire:deepslate_silver_ore":2,"alexsmobs:leafcutter_ant_chamber":21,"minecraft:copper_ore":6,"minecraft:tall_grass":4,"minecraft:lapis_ore":1,"minecraft:moss_block":5,"minecraft:rooted_dirt":13,"minecraft:wall_torch":2,"minecraft:furnace":2,"minecraft:iron_ore":17,"call_of_yucutan:red_limestone":3,"unusualprehistory:stone_fossil":13,"minecraft:moss_carpet":1,"gobber2:gobber2_lucky_block_deepslate":4,"minecraft:grass":8,"minecraft:coal_ore":43,"minecraft:vine":1,"minecraft:cocoa":2,"crittersandcompanions:silk_cocoon":2,"minecraft:gravel":4,"minecraft:bamboo":1,"minecraft:stone":78,"minecraft:deepslate":1,"minecraft:white_wool":1,"minecraft:fern":3},"minecraft:killed_by":{"born_in_chaos_v1:decrepit_skeleton":1,"caneswonderfulspidersoverhaul:cobbleshell_spider":3,"minecraft:skeleton":6,"minecraft:spider":2,"minecraft:zombie":5,"alexsmobs:leafcutter_ant":1,"born_in_chaos_v1:zombie_bruiser":1},"minecraft:killed":{"minecraft:pig":4,"born_in_chaos_v1:zombie_lumberjack":2,"born_in_chaos_v1:zombie_bruiser":2,"born_in_chaos_v1:decrepit_skeleton":2,"born_in_chaos_v1:maggot":10,"minecraft:sheep":10,"minecraft:skeleton":2,"minecraft:zombie":12,"alexsmobs:leafcutter_ant":10,"born_in_chaos_v1:corpse_fly":2,"born_in_chaos_v1:door_knight":2,"minecraft:player":1},"minecraft:crafted":{"minecraft:cherry_planks":4,"minecraft:wooden_sword":1,"minecraft:oak_planks":4,"minecraft:stone_shovel":1,"minecraft:cooked_porkchop":2,"minecraft:crafting_table":2,"minecraft:wooden_pickaxe":1,"minecraft:furnace":1,"minecraft:copper_ingot":2,"minecraft:mangrove_planks":8,"minecraft:jungle_planks":8,"minecraft:stone_axe":1,"minecraft:cooked_mutton":1,"minecraft:air":0,"minecraft:shield":1,"minecraft:stick":31,"minecraft:iron_ingot":4,"minecraft:iron_pickaxe":1,"minecraft:stone_pickaxe":1,"minecraft:stone_sword":1,"minecraft:white_bed":1,"minecraft:dark_oak_planks":20,"minecraft:torch":36},"minecraft:custom":{"minecraft:interact_with_furnace":13,"minecraft:mob_kills":30,"minecraft:interact_with_crafting_table":18,"minecraft:damage_dealt_resisted":887,"minecraft:leave_game":2,"minecraft:time_since_death":2547,"minecraft:sleep_in_bed":1,"minecraft:climb_one_cm":2985,"minecraft:time_since_rest":2571,"minecraft:sprint_one_cm":96857,"minecraft:damage_taken":5420,"minecraft:walk_one_cm":176626,"minecraft:drop":6,"minecraft:damage_dealt":5474,"minecraft:player_kills":1,"minecraft:fly_one_cm":109316,"minecraft:crouch_one_cm":5350,"minecraft:play_time":55738,"minecraft:deaths":19,"minecraft:sneak_time":4307,"minecraft:jump":881,"minecraft:walk_on_water_one_cm":585,"minecraft:total_world_time":55738,"minecraft:fall_one_cm":34388},"minecraft:broken":{"minecraft:stone_pickaxe":1,"minecraft:stone_axe":1},"minecraft:used":{"minecraft:azalea":1,"minecraft:moss_block":1,"minecraft:moss_carpet":1,"minecraft:stone_sword":45,"minecraft:stone_pickaxe":121,"minecraft:stone_shovel":41,"gobber2:gobber2_gooey_bread":1,"minecraft:wooden_pickaxe":18,"minecraft:white_wool":2,"minecraft:torch":35,"minecraft:dirt":5,"minecraft:mutton":8,"minecraft:crafting_table":9,"minecraft:white_bed":1,"gobber2:gobber2_gooey_beefstew":1,"minecraft:rooted_dirt":2,"minecraft:iron_pickaxe":84,"minecraft:gravel":2,"minecraft:stone_axe":71,"minecraft:cobblestone":2,"minecraft:furnace":2,"minecraft:cooked_porkchop":1,"minecraft:porkchop":1,"alexsmobs:animal_dictionary":1,"minecraft:cobbled_deepslate":1},"minecraft:picked_up":{"minecraft:cocoa_beans":6,"born_in_chaos_v1:corpse_maggot":7,"minecraft:crafting_table":8,"minecraft:jungle_log":2,"minecraft:clay_ball":52,"gobber2:gobber2_gooey_beefstew":1,"minecraft:flint":1,"minecraft:oak_log":1,"minecraft:lapis_lazuli":4,"minecraft:dirt":10,"minecraft:moss_carpet":6,"minecraft:raw_copper":46,"minecraft:bone":4,"minecraft:cobbled_deepslate":1,"gobber2:gobber2_gooey_beef":1,"unusualprehistory:paleo_fossil":1,"minecraft:iron_ingot":3,"minecraft:azalea":1,"minecraft:iron_nugget":3,"minecraft:bamboo":8,"minecraft:moss_block":5,"minecraft:mangrove_log":2,"gobber2:gobber2_gooey_bread":3,"alexsmobs:leafcutter_ant_chamber":20,"minecraft:furnace":2,"minecraft:raw_iron":17,"minecraft:copper_ingot":3,"minecraft:torch":4,"minecraft:gravel":2,"call_of_yucutan:red_limestone":3,"minecraft:porkchop":3,"minecraft:cherry_log":1,"minecraft:dark_oak_log":5,"alexsmobs:leafcutter_ant_pupa":2,"minecraft:spider_eye":5,"gobber2:gobber2_foo":1,"minecraft:stone_sword":1,"minecraft:rotten_flesh":14,"crittersandcompanions:silk":8,"sophisticatedbackpacks:copper_backpack":1,"minecraft:rooted_dirt":13,"minecraft:glow_berries":2,"minecraft:white_wool":6,"iceandfire:raw_silver":7,"minecraft:mutton":9,"gobber2:gobber2_goo":9,"minecraft:coal":43,"unusualprehistory:mezo_fossil":13,"minecraft:cobblestone":82}},"DataVersion":3465}