{"stats":{"minecraft:custom":{"minecraft:mob_kills":27,"minecraft:interact_with_crafting_table":9,"minecraft:leave_game":1,"minecraft:time_since_death":262,"minecraft:sleep_in_bed":1,"minecraft:climb_one_cm":2248,"minecraft:time_since_rest":291,"minecraft:sprint_one_cm":88516,"minecraft:damage_taken":4080,"minecraft:walk_one_cm":110614,"minecraft:damage_dealt":4914,"minecraft:fly_one_cm":101116,"minecraft:player_kills":1,"minecraft:crouch_one_cm":1373,"minecraft:play_time":29399,"minecraft:deaths":15,"minecraft:sneak_time":1477,"minecraft:jump":567,"minecraft:total_world_time":29399,"minecraft:fall_one_cm":19737},"minecraft:crafted":{"minecraft:cherry_planks":4,"minecraft:stone_shovel":1,"minecraft:crafting_table":1,"minecraft:wooden_pickaxe":1,"minecraft:stone_axe":1,"minecraft:stick":7,"minecraft:stone_pickaxe":1,"minecraft:stone_sword":1,"minecraft:white_bed":1,"minecraft:dark_oak_planks":20,"minecraft:torch":8},"minecraft:mined":{"iceandfire:silver_ore":2,"minecraft:cherry_log":1,"alexsmobs:leafcutter_anthill":1,"minecraft:jungle_leaves":1,"minecraft:dark_oak_log":5,"minecraft:crafting_table":5,"minecraft:grass_block":10,"alexsmobs:leafcutter_ant_chamber":21,"minecraft:copper_ore":6,"minecraft:moss_block":1,"minecraft:rooted_dirt":13,"minecraft:wall_torch":1,"minecraft:grass":7,"minecraft:coal_ore":11,"minecraft:cocoa":2,"crittersandcompanions:silk_cocoon":2,"minecraft:bamboo":1,"minecraft:stone":12,"minecraft:fern":3},"minecraft:broken":{"minecraft:stone_axe":1},"minecraft:picked_up":{"minecraft:cocoa_beans":6,"born_in_chaos_v1:corpse_maggot":7,"minecraft:crafting_table":5,"minecraft:oak_log":1,"minecraft:dirt":10,"minecraft:raw_copper":18,"minecraft:bone":4,"minecraft:iron_ingot":1,"minecraft:iron_nugget":3,"minecraft:bamboo":8,"minecraft:mangrove_log":2,"alexsmobs:leafcutter_ant_chamber":20,"minecraft:torch":1,"minecraft:porkchop":3,"minecraft:cherry_log":1,"alexsmobs:leafcutter_ant_pupa":2,"minecraft:dark_oak_log":5,"minecraft:spider_eye":5,"minecraft:rotten_flesh":12,"crittersandcompanions:silk":8,"sophisticatedbackpacks:copper_backpack":1,"minecraft:rooted_dirt":13,"minecraft:mutton":9,"minecraft:white_wool":5,"minecraft:coal":11,"iceandfire:raw_silver":2,"minecraft:cobblestone":16},"minecraft:killed":{"minecraft:pig":4,"born_in_chaos_v1:zombie_lumberjack":2,"born_in_chaos_v1:zombie_bruiser":2,"born_in_chaos_v1:decrepit_skeleton":2,"born_in_chaos_v1:maggot":10,"minecraft:sheep":10,"minecraft:zombie":10,"alexsmobs:leafcutter_ant":10,"born_in_chaos_v1:corpse_fly":2,"minecraft:player":1},"minecraft:used":{"minecraft:stone_sword":11,"minecraft:stone_pickaxe":36,"minecraft:stone_shovel":32,"minecraft:wooden_pickaxe":17,"minecraft:torch":9,"minecraft:dirt":5,"minecraft:mutton":8,"minecraft:crafting_table":5,"minecraft:white_bed":1,"minecraft:rooted_dirt":2,"minecraft:stone_axe":71,"minecraft:porkchop":1,"alexsmobs:animal_dictionary":1},"minecraft:killed_by":{"born_in_chaos_v1:decrepit_skeleton":1,"minecraft:skeleton":5,"minecraft:spider":2,"minecraft:zombie":5,"alexsmobs:leafcutter_ant":1,"born_in_chaos_v1:zombie_bruiser":1}},"DataVersion":3465}