{"stats":{"minecraft:crafted":{"minecraft:oak_planks":20,"minecraft:emerald":29,"minecraft:crafting_table":2,"minecraft:acacia_slab":24,"minecraft:wooden_pickaxe":2,"minecraft:copper_ingot":16,"minecraft:bone_meal":12,"minecraft:stone_axe":3,"minecraft:bookshelf":7,"minecraft:enchanted_book":2,"minecraft:bread":20,"minecraft:air":0,"minecraft:lectern":4,"minecraft:stick":20,"minecraft:stone_pickaxe":2,"minecraft:chest":1,"minecraft:acacia_planks":68,"minecraft:torch":8,"minecraft:wheat":126},"minecraft:broken":{"minecraft:stone_axe":1},"minecraft:killed_by":{"born_in_chaos_v1:nightmare_stalker":2},"minecraft:killed":{"born_in_chaos_v1:decrepit_skeleton":4,"born_in_chaos_v1:maggot":2,"minecraft:zombie":2,"born_in_chaos_v1:dread_hound":4,"born_in_chaos_v1:dark_vortex":2},"minecraft:used":{"iceandfire:lectern":7,"minecraft:wheat_seeds":640,"minecraft:stone_pickaxe":128,"minecraft:oak_planks":6,"farmersdelight:cabbage_seeds":131,"minecraft:chest":1,"minecraft:wooden_pickaxe":48,"minecraft:composter":4,"minecraft:leather_boots":1,"minecraft:rotten_flesh":2,"minecraft:torch":7,"minecraft:dirt":12,"minecraft:crafting_table":2,"minecraft:carrot":8,"minecraft:lantern":4,"minecraft:bread":17,"minecraft:acacia_slab":5,"minecraft:lectern":55,"farmersdelight:rotten_tomato":1,"born_in_chaos_v1:gnawed_bones":1,"minecraft:gravel":3,"minecraft:soul_lantern":2,"minecraft:stone_axe":142,"minecraft:cobblestone":15,"minecraft:scaffolding":1,"minecraft:oak_sapling":7,"minecraft:acacia_planks":2,"minecraft:bone_meal":22,"alexsmobs:emu_egg":1,"minecraft:experience_bottle":1,"minecraft:iron_leggings":1},"minecraft:picked_up":{"minecraft:coarse_dirt":1,"minecraft:wheat":468,"minecraft:feather":1,"born_in_chaos_v1:monster_flesh":2,"alexsmobs:acacia_blossom":4,"minecraft:acacia_wood":12,"minecraft:oak_log":10,"iceandfire:manuscript":2,"farmersdelight:tomato":2,"minecraft:dirt":37,"minecraft:lantern":4,"minecraft:item_frame":1,"minecraft:white_carpet":1,"minecraft:bone":5,"minecraft:experience_bottle":1,"minecraft:acacia_planks":2,"iceandfire:pixie_jar_empty":1,"iceandfire:bestiary":2,"minecraft:wheat_seeds":785,"farmersdelight:cabbage":58,"minecraft:stone_pickaxe":1,"unusualprehistory:plant_fossil_item":2,"born_in_chaos_v1:gnawed_bones":1,"minecraft:lectern":51,"minecraft:acacia_sapling":4,"minecraft:oak_planks":5,"farmersdelight:cabbage_seeds":159,"minecraft:book":24,"minecraft:scaffolding":1,"minecraft:stick":7,"iceandfire:copper_nugget":150,"farmersdelight:rotten_tomato":1,"minecraft:composter":4,"minecraft:acacia_log":20,"minecraft:torch":8,"born_in_chaos_v1:ethereal_spirit":1,"minecraft:stripped_acacia_wood":1,"minecraft:gravel":6,"born_in_chaos_v1:dark_rod":1,"minecraft:cookie":2,"minecraft:stripped_acacia_log":2,"minecraft:rotten_flesh":6,"minecraft:soul_lantern":2,"iceandfire:lectern":8,"minecraft:honey_block":15,"minecraft:hay_block":14,"minecraft:bone_meal":10,"alexsmobs:emu_egg":2,"minecraft:rooted_dirt":1,"minecraft:oak_sapling":7,"minecraft:acacia_slab":5,"minecraft:melon_seeds":1,"minecraft:mutton":14,"minecraft:coal":29,"minecraft:white_wool":7,"minecraft:cobblestone":122},"minecraft:dropped":{"minecraft:gravel":3,"minecraft:wheat_seeds":278,"minecraft:oak_log":5,"minecraft:wheat":11,"minecraft:feather":1,"minecraft:cookie":2,"minecraft:cobblestone":9,"minecraft:rotten_flesh":2,"minecraft:item_frame":1,"minecraft:stick":6,"born_in_chaos_v1:monster_flesh":2,"minecraft:stone_pickaxe":1,"minecraft:wooden_pickaxe":1},"minecraft:mined":{"iceandfire:pixie_jar_empty":1,"minecraft:scaffolding":1,"graveyard:tg_coarse_dirt":2,"iceandfire:copper_pile":18,"minecraft:blue_stained_glass":14,"graveyard:tg_rooted_dirt":1,"minecraft:torch":6,"minecraft:honey_block":15,"minecraft:acacia_log":22,"minecraft:grass_block":6,"iceandfire:lectern":8,"minecraft:lectern":51,"farmersdelight:cabbages":63,"minecraft:tall_grass":12,"minecraft:cobblestone":7,"minecraft:acacia_slab":5,"minecraft:oak_planks":5,"minecraft:composter":4,"minecraft:wall_torch":1,"minecraft:hay_block":14,"minecraft:acacia_wood":12,"minecraft:wheat":465,"minecraft:white_carpet":1,"unusualprehistory:petrified_bush":2,"minecraft:grass":10,"minecraft:coal_ore":29,"minecraft:bookshelf":8,"minecraft:oak_log":5,"minecraft:lantern":4,"minecraft:gravel":7,"minecraft:dirt":34,"minecraft:stripped_acacia_log":2,"minecraft:acacia_planks":2,"minecraft:stripped_acacia_wood":1,"minecraft:stone":130,"minecraft:fern":1},"minecraft:custom":{"minecraft:mob_kills":7,"minecraft:animals_bred":5,"minecraft:traded_with_villager":31,"minecraft:interact_with_crafting_table":26,"minecraft:time_since_death":19269,"minecraft:leave_game":5,"minecraft:sleep_in_bed":7,"minecraft:climb_one_cm":1130,"minecraft:time_since_rest":18671,"minecraft:sprint_one_cm":235592,"minecraft:damage_taken":927,"minecraft:walk_one_cm":631360,"minecraft:drop":67,"minecraft:damage_dealt":1292,"minecraft:talked_to_villager":27,"minecraft:fly_one_cm":260502,"minecraft:open_chest":47,"minecraft:crouch_one_cm":14575,"minecraft:play_time":183596,"minecraft:deaths":2,"minecraft:sneak_time":6091,"minecraft:jump":1745,"minecraft:walk_on_water_one_cm":1312,"minecraft:total_world_time":183596,"minecraft:fall_one_cm":32585,"minecraft:horse_one_cm":5870}},"DataVersion":3465}