{"stats":{"minecraft:dropped":{"minecraft:gravel":3,"minecraft:wheat_seeds":111,"minecraft:oak_log":5,"minecraft:wheat":11,"minecraft:cookie":2,"minecraft:feather":1,"minecraft:cobblestone":5,"minecraft:rotten_flesh":2,"minecraft:stick":6,"born_in_chaos_v1:monster_flesh":2,"minecraft:wooden_pickaxe":1},"minecraft:mined":{"iceandfire:pixie_jar_empty":1,"iceandfire:copper_pile":18,"minecraft:torch":4,"minecraft:grass_block":6,"iceandfire:lectern":2,"farmersdelight:cabbages":9,"minecraft:tall_grass":8,"minecraft:cobblestone":4,"minecraft:acacia_slab":5,"minecraft:composter":4,"minecraft:wall_torch":1,"minecraft:acacia_wood":9,"minecraft:wheat":256,"minecraft:grass":4,"minecraft:coal_ore":9,"minecraft:oak_log":5,"minecraft:lantern":4,"minecraft:gravel":7,"minecraft:dirt":26,"minecraft:stripped_acacia_log":2,"minecraft:stripped_acacia_wood":1,"minecraft:stone":94},"minecraft:killed":{"born_in_chaos_v1:decrepit_skeleton":2,"born_in_chaos_v1:maggot":2,"minecraft:zombie":2,"born_in_chaos_v1:dread_hound":4},"minecraft:crafted":{"minecraft:oak_planks":20,"minecraft:emerald":7,"minecraft:crafting_table":2,"minecraft:acacia_slab":6,"minecraft:wooden_pickaxe":1,"minecraft:bone_meal":12,"minecraft:stone_axe":1,"minecraft:bookshelf":1,"minecraft:bread":16,"minecraft:lectern":1,"minecraft:stick":8,"minecraft:stone_pickaxe":1,"minecraft:acacia_planks":48},"minecraft:custom":{"minecraft:mob_kills":5,"minecraft:traded_with_villager":7,"minecraft:interact_with_crafting_table":11,"minecraft:time_since_death":53269,"minecraft:leave_game":1,"minecraft:sleep_in_bed":3,"minecraft:time_since_rest":17091,"minecraft:sprint_one_cm":85049,"minecraft:damage_taken":95,"minecraft:walk_one_cm":214699,"minecraft:drop":37,"minecraft:damage_dealt":841,"minecraft:talked_to_villager":12,"minecraft:fly_one_cm":86515,"minecraft:open_chest":12,"minecraft:crouch_one_cm":2434,"minecraft:play_time":53269,"minecraft:sneak_time":1410,"minecraft:jump":660,"minecraft:walk_on_water_one_cm":367,"minecraft:total_world_time":53269,"minecraft:fall_one_cm":11394},"minecraft:used":{"minecraft:wheat_seeds":318,"minecraft:stone_pickaxe":112,"farmersdelight:cabbage_seeds":23,"minecraft:wooden_pickaxe":5,"minecraft:composter":4,"minecraft:rotten_flesh":2,"minecraft:torch":5,"minecraft:dirt":10,"minecraft:crafting_table":2,"minecraft:carrot":8,"minecraft:lantern":4,"minecraft:bread":3,"minecraft:acacia_slab":5,"minecraft:lectern":1,"born_in_chaos_v1:gnawed_bones":1,"minecraft:gravel":3,"minecraft:stone_axe":41,"minecraft:cobblestone":7,"minecraft:oak_sapling":7,"minecraft:bone_meal":13},"minecraft:picked_up":{"minecraft:wheat":263,"minecraft:feather":1,"born_in_chaos_v1:monster_flesh":2,"minecraft:acacia_wood":9,"minecraft:oak_log":10,"iceandfire:manuscript":2,"farmersdelight:tomato":2,"minecraft:dirt":29,"minecraft:lantern":4,"minecraft:bone":4,"iceandfire:pixie_jar_empty":1,"iceandfire:bestiary":2,"minecraft:wheat_seeds":410,"farmersdelight:cabbage":7,"born_in_chaos_v1:gnawed_bones":1,"farmersdelight:cabbage_seeds":24,"minecraft:stick":4,"iceandfire:copper_nugget":150,"farmersdelight:rotten_tomato":1,"minecraft:composter":4,"minecraft:torch":5,"minecraft:stripped_acacia_wood":1,"minecraft:gravel":6,"minecraft:cookie":2,"minecraft:stripped_acacia_log":2,"minecraft:rotten_flesh":4,"iceandfire:lectern":2,"minecraft:bone_meal":1,"minecraft:oak_sapling":7,"minecraft:acacia_slab":5,"minecraft:coal":9,"minecraft:cobblestone":82}},"DataVersion":3465}