{"stats":{"minecraft:broken":{"minecraft:wooden_pickaxe":2,"minecraft:stone_pickaxe":3,"minecraft:stone_axe":1,"minecraft:iron_pickaxe":1,"minecraft:golden_pickaxe":1},"minecraft:killed_by":{"born_in_chaos_v1:nightmare_stalker":2,"minecraft:spider":1,"mowziesmobs:ferrous_wroughtnaut":2,"creeperoverhaul:cave_creeper":1,"minecraft:skeleton":1,"alexsmobs:rhinoceros":1,"artifacts:mimic":1,"iceandfire:fire_dragon":1},"minecraft:picked_up":{"minecraft:crafting_table":5,"minecraft:coarse_dirt":1,"born_in_chaos_v1:diamond_termite_shard":4,"minecraft:wheat":524,"minecraft:smithing_table":1,"minecraft:diamond_sword":2,"minecraft:wooden_pickaxe":1,"minecraft:dead_horn_coral_block":1,"iceandfire:sea_serpent_scales_blue":6,"iceandfire:manuscript":2,"unusualprehistory:opal_chunk":4,"minecraft:string":35,"minecraft:raw_copper":25,"minecraft:iron_axe":3,"born_in_chaos_v1:intoxicating_decoction":2,"minecraft:item_frame":1,"minecraft:white_carpet":1,"minecraft:experience_bottle":1,"minecraft:blackstone":258,"iceandfire:bestiary":2,"unusualprehistory:paleo_fossil":31,"minecraft:cobbled_deepslate":121,"farmersdelight:cabbage":104,"unusualprehistory:plant_fossil_item":5,"born_in_chaos_v1:gnawed_bones":1,"minecraft:iron_pickaxe":1,"minecraft:lectern":51,"minecraft:melon_slice":16,"farmersdelight:cabbage_seeds":292,"minecraft:furnace":2,"minecraft:stick":8,"minecraft:raw_iron":46,"farmersdelight:rotten_tomato":1,"minecraft:composter":4,"minecraft:torch":25,"minecraft:acacia_log":23,"farmersdelight:tomato_seeds":1,"minecraft:cookie":2,"born_in_chaos_v1:pieceofdarkmetal":2,"minecraft:redstone":27,"gobber2:gobber2_foo":1,"artifacts:lucky_scarf":1,"minecraft:rotten_flesh":39,"minecraft:hay_block":14,"unusualprehistory:opal_fossil":5,"alexsmobs:emu_egg":2,"alexsmobs:flying_fish":3,"minecraft:iron_bars":1,"minecraft:cobblestone":537,"minecraft:mutton":14,"minecraft:white_wool":7,"minecraft:rail":1,"minecraft:magma_block":14,"minecraft:feather":1,"born_in_chaos_v1:monster_flesh":2,"iceandfire:sea_serpent_fang":9,"gobber2:gobber2_gooey_beefstew":1,"alexsmobs:acacia_blossom":5,"minecraft:acacia_wood":12,"minecraft:flint":1,"minecraft:tuff":1,"minecraft:oak_log":12,"farmersdelight:tomato":3,"minecraft:dirt":57,"minecraft:lantern":4,"minecraft:bone":8,"minecraft:acacia_planks":57,"minecraft:apple":3,"born_in_chaos_v1:intoxicating_dagger":1,"iceandfire:pixie_jar_empty":1,"minecraft:wheat_seeds":989,"minecraft:raw_gold":12,"minecraft:stone_pickaxe":1,"minecraft:iron_ingot":7,"minecraft:cobweb":4,"minecraft:oak_planks":5,"minecraft:acacia_sapling":9,"gobber2:gobber2_gooey_bread":3,"minecraft:book":24,"minecraft:scaffolding":1,"iceandfire:chared_stone":11,"minecraft:smooth_basalt":15,"iceandfire:copper_nugget":150,"born_in_chaos_v1:ethereal_spirit":2,"minecraft:stripped_acacia_wood":1,"minecraft:gravel":10,"minecraft:sand":4,"minecraft:dead_fire_coral_block":1,"born_in_chaos_v1:dark_rod":1,"minecraft:blast_furnace":3,"minecraft:spider_eye":1,"iceandfire:chared_cobblestone":21,"minecraft:stripped_acacia_log":2,"minecraft:diamond":13,"minecraft:soul_lantern":2,"iceandfire:lectern":8,"minecraft:honey_block":15,"minecraft:dead_bubble_coral_block":1,"minecraft:dead_brain_coral_block":1,"minecraft:bone_meal":10,"minecraft:emerald":1,"minecraft:bread":12,"minecraft:rooted_dirt":1,"minecraft:oak_sapling":7,"minecraft:acacia_slab":5,"minecraft:melon_seeds":1,"minecraft:coal":122,"minecraft:diamond_pickaxe":1,"gobber2:gobber2_goo":2,"iceandfire:raw_silver":6},"minecraft:dropped":{"minecraft:bread":12,"iceandfire:raw_silver":4,"minecraft:wheat_seeds":301,"minecraft:oak_log":5,"minecraft:feather":1,"minecraft:cookie":2,"minecraft:cobblestone":9,"minecraft:item_frame":1,"minecraft:stick":7,"born_in_chaos_v1:monster_flesh":2,"minecraft:cobweb":4,"minecraft:torch":6,"minecraft:iron_axe":3,"minecraft:iron_pickaxe":1,"minecraft:string":2,"minecraft:smooth_basalt":6,"minecraft:gravel":3,"minecraft:blackstone":13,"minecraft:cobbled_deepslate":64,"minecraft:wheat":11,"farmersdelight:cabbage_seeds":1,"minecraft:rotten_flesh":26,"alexsmobs:emu_egg":1,"minecraft:blast_furnace":1,"minecraft:diamond_sword":1,"iceandfire:chared_cobblestone":6,"minecraft:diamond_pickaxe":1,"minecraft:wooden_pickaxe":2,"minecraft:stone_pickaxe":1},"minecraft:killed":{"born_in_chaos_v1:zombie_clown":2,"minecraft:cave_spider":4,"born_in_chaos_v1:restless_spirit":2,"born_in_chaos_v1:zombie_bruiser":2,"born_in_chaos_v1:maggot":4,"born_in_chaos_v1:diamond_termite":8,"born_in_chaos_v1:baby_skeleton":4,"born_in_chaos_v1:decrepit_skeleton":6,"minecraft:zombie":4,"born_in_chaos_v1:dread_hound":4,"born_in_chaos_v1:corpse_fly":2,"born_in_chaos_v1:dark_vortex":2},"minecraft:crafted":{"minecraft:cookie":54,"minecraft:oak_planks":28,"minecraft:raw_iron":54,"minecraft:melon":1,"minecraft:furnace":9,"minecraft:bone_meal":12,"minecraft:bookshelf":7,"minecraft:iron_boots":1,"minecraft:stone_pickaxe":5,"minecraft:chest":3,"sophisticatedbackpacks:iron_backpack":1,"minecraft:wheat":126,"minecraft:diamond_sword":1,"minecraft:emerald":32,"sophisticatedbackpacks:backpack":1,"minecraft:crafting_table":5,"minecraft:acacia_slab":24,"minecraft:wooden_pickaxe":3,"minecraft:iron_helmet":1,"minecraft:copper_ingot":16,"minecraft:stone_axe":3,"minecraft:enchanted_book":2,"iceandfire:ash":2,"minecraft:bread":27,"minecraft:air":0,"iceandfire:tide_blue_helmet":1,"minecraft:lectern":4,"minecraft:iron_chestplate":1,"minecraft:diamond_pickaxe":1,"minecraft:stick":60,"minecraft:iron_ingot":42,"minecraft:iron_pickaxe":2,"minecraft:iron_leggings":1,"minecraft:acacia_planks":152,"minecraft:torch":112},"minecraft:mined":{"minecraft:tuff":1,"graveyard:tg_coarse_dirt":2,"iceandfire:silver_ore":2,"minecraft:deepslate_diamond_ore":13,"iceandfire:copper_pile":18,"minecraft:acacia_log":25,"minecraft:grass_block":18,"unusualprehistory:deepslate_opal_ore":9,"unusualprehistory:deepslate_fossil":30,"iceandfire:lectern":8,"minecraft:acacia_slab":5,"minecraft:composter":4,"minecraft:spawner":1,"minecraft:hay_block":14,"minecraft:magma_block":14,"minecraft:furnace":2,"minecraft:iron_ore":18,"minecraft:fire":5,"minecraft:cobbled_deepslate":3,"minecraft:acacia_wood":12,"minecraft:dead_horn_coral_block":1,"minecraft:bookshelf":8,"minecraft:deepslate_iron_ore":28,"minecraft:rail":1,"minecraft:iron_bars":1,"minecraft:lantern":4,"minecraft:stripped_acacia_log":2,"minecraft:stone":541,"iceandfire:chared_cobblestone":16,"iceandfire:pixie_jar_empty":1,"minecraft:smithing_table":1,"minecraft:deepslate_redstone_ore":7,"minecraft:scaffolding":1,"unusualprehistory:deepslate_plant_fossil":3,"minecraft:dead_bubble_coral_block":1,"minecraft:blackstone":299,"minecraft:blue_stained_glass":14,"born_in_chaos_v1:infected_deepslate_diamond_ore":2,"minecraft:crafting_table":5,"minecraft:torch":12,"graveyard:tg_rooted_dirt":1,"minecraft:honey_block":15,"minecraft:blast_furnace":2,"minecraft:emerald_ore":1,"minecraft:melon":3,"minecraft:lectern":51,"farmersdelight:cabbages":109,"minecraft:tall_grass":15,"minecraft:copper_ore":7,"minecraft:cobblestone":11,"minecraft:deepslate_gold_ore":12,"minecraft:oak_planks":5,"minecraft:wall_torch":4,"minecraft:dead_fire_coral_block":1,"minecraft:wheat":523,"minecraft:white_carpet":1,"gobber2:gobber2_lucky_block_deepslate":7,"unusualprehistory:petrified_bush":2,"minecraft:grass":16,"minecraft:dead_brain_coral_block":1,"minecraft:coal_ore":56,"minecraft:oak_log":7,"minecraft:gravel":10,"minecraft:sand":4,"minecraft:dirt":43,"minecraft:cobweb":31,"minecraft:smooth_basalt":14,"minecraft:acacia_planks":2,"minecraft:stripped_acacia_wood":1,"minecraft:fern":1,"minecraft:deepslate":139,"iceandfire:chared_stone":14},"minecraft:custom":{"minecraft:interact_with_smithing_table":1,"minecraft:mob_kills":22,"minecraft:animals_bred":5,"minecraft:interact_with_crafting_table":65,"minecraft:open_barrel":17,"minecraft:leave_game":9,"minecraft:time_since_death":16806,"minecraft:climb_one_cm":1214,"minecraft:sprint_one_cm":429328,"minecraft:walk_one_cm":1201557,"minecraft:drop":116,"minecraft:talked_to_villager":27,"minecraft:play_time":354196,"minecraft:deaths":13,"minecraft:sneak_time":9421,"minecraft:walk_under_water_one_cm":59608,"minecraft:jump":3471,"minecraft:interact_with_blast_furnace":8,"minecraft:walk_on_water_one_cm":7326,"minecraft:total_world_time":354196,"minecraft:interact_with_furnace":16,"minecraft:traded_with_villager":37,"minecraft:sleep_in_bed":9,"minecraft:time_since_rest":16847,"minecraft:damage_taken":4374,"minecraft:damage_dealt":4310,"minecraft:swim_one_cm":13558,"minecraft:fly_one_cm":455328,"minecraft:open_chest":67,"minecraft:crouch_one_cm":20268,"minecraft:interact_with_smoker":1,"minecraft:fall_one_cm":80416,"minecraft:horse_one_cm":5870},"minecraft:used":{"alexsmobs:emu_egg":1,"iceandfire:lectern":7,"minecraft:iron_bars":1,"farmersdelight:cabbage_seeds":199,"minecraft:chest":2,"minecraft:rotten_flesh":2,"minecraft:iron_chestplate":1,"minecraft:torch":130,"minecraft:dirt":29,"minecraft:carrot":8,"minecraft:acacia_sapling":5,"artifacts:onion_ring":1,"minecraft:tuff":1,"farmersdelight:tomato":1,"minecraft:iron_axe":25,"minecraft:lantern":4,"minecraft:acacia_slab":5,"farmersdelight:rotten_tomato":1,"minecraft:iron_helmet":1,"minecraft:iron_boots":1,"born_in_chaos_v1:gnawed_bones":1,"minecraft:smooth_basalt":4,"minecraft:magma_block":2,"minecraft:scaffolding":1,"minecraft:oak_sapling":7,"minecraft:furnace":3,"minecraft:acacia_planks":4,"minecraft:iron_leggings":2,"minecraft:cobbled_deepslate":6,"minecraft:wheat_seeds":658,"iceandfire:tide_blue_helmet":2,"minecraft:stone_pickaxe":597,"minecraft:oak_planks":6,"minecraft:blackstone":9,"minecraft:wooden_pickaxe":123,"minecraft:composter":4,"minecraft:leather_boots":1,"minecraft:cookie":2,"minecraft:sand":2,"minecraft:rail":1,"minecraft:crafting_table":10,"minecraft:blast_furnace":2,"alexsmobs:flying_fish":3,"minecraft:diamond_pickaxe":139,"minecraft:bread":27,"minecraft:iron_pickaxe":401,"minecraft:lectern":55,"minecraft:gravel":7,"minecraft:soul_lantern":2,"minecraft:stone_axe":144,"minecraft:diamond_sword":63,"minecraft:cobblestone":62,"minecraft:bone_meal":22,"minecraft:experience_bottle":1,"minecraft:cobweb":4,"minecraft:golden_pickaxe":32}},"DataVersion":3465}