{"stats":{"minecraft:crafted":{"minecraft:cherry_planks":4,"minecraft:stone_shovel":1,"minecraft:crafting_table":1,"minecraft:stick":6,"minecraft:wooden_pickaxe":1,"minecraft:stone_pickaxe":1,"minecraft:white_bed":1,"minecraft:dark_oak_planks":20,"minecraft:torch":8,"minecraft:stone_axe":1},"minecraft:custom":{"minecraft:time_since_rest":2178,"minecraft:sprint_one_cm":65208,"minecraft:damage_taken":685,"minecraft:walk_one_cm":77756,"minecraft:mob_kills":13,"minecraft:damage_dealt":1860,"minecraft:player_kills":1,"minecraft:interact_with_crafting_table":8,"minecraft:fly_one_cm":60226,"minecraft:crouch_one_cm":178,"minecraft:play_time":17399,"minecraft:deaths":2,"minecraft:sneak_time":242,"minecraft:jump":325,"minecraft:sleep_in_bed":1,"minecraft:leave_game":1,"minecraft:time_since_death":2152,"minecraft:total_world_time":17399,"minecraft:climb_one_cm":690,"minecraft:fall_one_cm":8512},"minecraft:mined":{"iceandfire:silver_ore":2,"minecraft:cherry_log":1,"alexsmobs:leafcutter_anthill":1,"minecraft:jungle_leaves":1,"minecraft:dark_oak_log":5,"minecraft:crafting_table":5,"minecraft:grass":7,"minecraft:coal_ore":11,"minecraft:grass_block":8,"minecraft:cocoa":2,"crittersandcompanions:silk_cocoon":2,"alexsmobs:leafcutter_ant_chamber":21,"minecraft:copper_ore":5,"minecraft:bamboo":1,"minecraft:stone":12,"minecraft:wall_torch":1,"minecraft:rooted_dirt":7,"minecraft:fern":3},"minecraft:picked_up":{"minecraft:cocoa_beans":6,"minecraft:crafting_table":5,"minecraft:torch":1,"minecraft:porkchop":3,"minecraft:cherry_log":1,"alexsmobs:leafcutter_ant_pupa":2,"minecraft:dark_oak_log":5,"minecraft:spider_eye":5,"minecraft:dirt":8,"minecraft:raw_copper":12,"minecraft:bone":3,"minecraft:rotten_flesh":1,"crittersandcompanions:silk":8,"minecraft:iron_nugget":3,"minecraft:rooted_dirt":7,"minecraft:bamboo":8,"iceandfire:raw_silver":2,"minecraft:mutton":9,"minecraft:coal":11,"alexsmobs:leafcutter_ant_chamber":20,"minecraft:white_wool":5,"minecraft:cobblestone":12},"minecraft:used":{"minecraft:stone_shovel":32,"minecraft:stone_pickaxe":25,"minecraft:wooden_pickaxe":17,"minecraft:torch":2,"minecraft:stone_axe":35,"minecraft:dirt":5,"minecraft:mutton":8,"minecraft:crafting_table":4,"minecraft:porkchop":1,"minecraft:white_bed":1,"alexsmobs:animal_dictionary":1},"minecraft:killed":{"minecraft:sheep":10,"minecraft:zombie":2,"minecraft:pig":4,"alexsmobs:leafcutter_ant":10,"minecraft:player":1},"minecraft:killed_by":{"minecraft:skeleton":1,"alexsmobs:leafcutter_ant":1}},"DataVersion":3465}