{"stats":{"minecraft:crafted":{"minecraft:oak_planks":20,"minecraft:bone_meal":12,"minecraft:bookshelf":7,"minecraft:stone_pickaxe":3,"minecraft:chest":1,"minecraft:wheat":126,"minecraft:emerald":29,"minecraft:crafting_table":3,"minecraft:acacia_slab":24,"minecraft:wooden_pickaxe":2,"minecraft:copper_ingot":16,"minecraft:stone_axe":3,"minecraft:enchanted_book":2,"minecraft:bread":20,"minecraft:air":0,"minecraft:lectern":4,"minecraft:stick":20,"minecraft:acacia_planks":72,"minecraft:torch":8},"minecraft:broken":{"minecraft:wooden_pickaxe":1,"minecraft:stone_pickaxe":1,"minecraft:stone_axe":1},"minecraft:killed_by":{"born_in_chaos_v1:nightmare_stalker":2,"mowziesmobs:ferrous_wroughtnaut":1},"minecraft:killed":{"born_in_chaos_v1:maggot":2,"born_in_chaos_v1:decrepit_skeleton":4,"minecraft:zombie":2,"born_in_chaos_v1:dread_hound":4,"born_in_chaos_v1:dark_vortex":2},"minecraft:used":{"alexsmobs:emu_egg":1,"iceandfire:lectern":7,"farmersdelight:cabbage_seeds":131,"minecraft:chest":1,"minecraft:rotten_flesh":2,"minecraft:torch":19,"minecraft:dirt":12,"minecraft:carrot":8,"minecraft:lantern":4,"minecraft:acacia_slab":5,"farmersdelight:rotten_tomato":1,"born_in_chaos_v1:gnawed_bones":1,"minecraft:scaffolding":1,"minecraft:oak_sapling":7,"minecraft:acacia_planks":2,"minecraft:iron_leggings":1,"minecraft:wheat_seeds":640,"minecraft:stone_pickaxe":291,"minecraft:oak_planks":6,"minecraft:wooden_pickaxe":64,"minecraft:composter":4,"minecraft:leather_boots":1,"minecraft:crafting_table":3,"minecraft:bread":17,"minecraft:lectern":55,"minecraft:gravel":3,"minecraft:soul_lantern":2,"minecraft:stone_axe":143,"minecraft:cobblestone":16,"minecraft:bone_meal":22,"minecraft:experience_bottle":1},"minecraft:dropped":{"minecraft:wheat_seeds":278,"minecraft:oak_log":5,"minecraft:cookie":2,"minecraft:feather":1,"minecraft:cobblestone":9,"minecraft:item_frame":1,"minecraft:stick":6,"born_in_chaos_v1:monster_flesh":2,"minecraft:torch":1,"minecraft:gravel":3,"minecraft:wheat":11,"minecraft:rotten_flesh":2,"minecraft:stone_pickaxe":1,"minecraft:wooden_pickaxe":2},"minecraft:mined":{"graveyard:tg_coarse_dirt":2,"iceandfire:silver_ore":2,"iceandfire:copper_pile":18,"minecraft:acacia_log":22,"minecraft:grass_block":6,"iceandfire:lectern":8,"minecraft:acacia_slab":5,"minecraft:composter":4,"minecraft:hay_block":14,"minecraft:iron_ore":1,"minecraft:acacia_wood":12,"minecraft:bookshelf":8,"minecraft:iron_bars":1,"minecraft:lantern":4,"minecraft:stripped_acacia_log":2,"minecraft:stone":301,"iceandfire:pixie_jar_empty":1,"minecraft:scaffolding":1,"minecraft:blue_stained_glass":14,"minecraft:crafting_table":1,"minecraft:torch":8,"graveyard:tg_rooted_dirt":1,"minecraft:honey_block":15,"minecraft:lectern":51,"farmersdelight:cabbages":63,"minecraft:cobblestone":8,"minecraft:tall_grass":12,"minecraft:copper_ore":3,"minecraft:oak_planks":5,"minecraft:wall_torch":2,"minecraft:wheat":465,"minecraft:white_carpet":1,"unusualprehistory:petrified_bush":2,"minecraft:grass":10,"minecraft:oak_log":5,"minecraft:coal_ore":29,"minecraft:dirt":34,"minecraft:gravel":7,"minecraft:acacia_planks":2,"minecraft:stripped_acacia_wood":1,"minecraft:fern":1},"minecraft:picked_up":{"minecraft:crafting_table":1,"minecraft:coarse_dirt":1,"minecraft:wheat":468,"minecraft:wooden_pickaxe":1,"iceandfire:manuscript":2,"minecraft:raw_copper":8,"minecraft:white_carpet":1,"minecraft:item_frame":1,"minecraft:experience_bottle":1,"iceandfire:bestiary":2,"farmersdelight:cabbage":58,"born_in_chaos_v1:gnawed_bones":1,"unusualprehistory:plant_fossil_item":2,"minecraft:lectern":51,"farmersdelight:cabbage_seeds":159,"minecraft:stick":7,"minecraft:raw_iron":1,"farmersdelight:rotten_tomato":1,"minecraft:composter":4,"minecraft:torch":13,"minecraft:acacia_log":20,"minecraft:cookie":2,"minecraft:rotten_flesh":6,"minecraft:hay_block":14,"alexsmobs:emu_egg":2,"minecraft:mutton":14,"minecraft:iron_bars":1,"minecraft:cobblestone":294,"minecraft:white_wool":7,"minecraft:feather":1,"born_in_chaos_v1:monster_flesh":2,"alexsmobs:acacia_blossom":4,"minecraft:acacia_wood":12,"minecraft:oak_log":10,"farmersdelight:tomato":2,"minecraft:dirt":37,"minecraft:lantern":4,"minecraft:bone":5,"minecraft:acacia_planks":2,"iceandfire:pixie_jar_empty":1,"minecraft:wheat_seeds":785,"minecraft:stone_pickaxe":1,"minecraft:oak_planks":5,"minecraft:acacia_sapling":4,"minecraft:book":24,"minecraft:scaffolding":1,"iceandfire:copper_nugget":150,"born_in_chaos_v1:ethereal_spirit":1,"minecraft:stripped_acacia_wood":1,"minecraft:gravel":6,"born_in_chaos_v1:dark_rod":1,"minecraft:stripped_acacia_log":2,"iceandfire:lectern":8,"minecraft:soul_lantern":2,"minecraft:honey_block":15,"minecraft:bone_meal":10,"minecraft:rooted_dirt":1,"minecraft:oak_sapling":7,"minecraft:acacia_slab":5,"minecraft:melon_seeds":1,"iceandfire:raw_silver":2,"minecraft:coal":29},"minecraft:custom":{"minecraft:mob_kills":7,"minecraft:animals_bred":5,"minecraft:interact_with_crafting_table":27,"minecraft:leave_game":5,"minecraft:time_since_death":71,"minecraft:climb_one_cm":1130,"minecraft:sprint_one_cm":237282,"minecraft:walk_one_cm":653869,"minecraft:drop":69,"minecraft:talked_to_villager":27,"minecraft:play_time":204512,"minecraft:deaths":3,"minecraft:sneak_time":6248,"minecraft:jump":1818,"minecraft:walk_on_water_one_cm":1312,"minecraft:total_world_time":204512,"minecraft:traded_with_villager":31,"minecraft:sleep_in_bed":7,"minecraft:time_since_rest":104,"minecraft:damage_taken":1247,"minecraft:damage_dealt":1292,"minecraft:fly_one_cm":261401,"minecraft:open_chest":47,"minecraft:crouch_one_cm":14836,"minecraft:fall_one_cm":33216,"minecraft:horse_one_cm":5870}},"DataVersion":3465}