{"stats":{"minecraft:dropped":{"iceandfire:raw_silver":4,"minecraft:wheat_seeds":291,"minecraft:oak_log":5,"minecraft:feather":1,"minecraft:cookie":2,"minecraft:cobblestone":9,"minecraft:item_frame":1,"minecraft:stick":6,"born_in_chaos_v1:monster_flesh":2,"minecraft:torch":1,"minecraft:iron_pickaxe":1,"minecraft:smooth_basalt":1,"minecraft:gravel":3,"minecraft:wheat":11,"minecraft:rotten_flesh":26,"alexsmobs:emu_egg":1,"minecraft:blast_furnace":1,"minecraft:wooden_pickaxe":2,"minecraft:stone_pickaxe":1},"minecraft:mined":{"minecraft:tuff":1,"graveyard:tg_coarse_dirt":2,"iceandfire:silver_ore":2,"minecraft:deepslate_diamond_ore":9,"iceandfire:copper_pile":18,"unusualprehistory:deepslate_opal_ore":3,"minecraft:acacia_log":22,"minecraft:grass_block":9,"unusualprehistory:deepslate_fossil":12,"iceandfire:lectern":8,"minecraft:acacia_slab":5,"minecraft:composter":4,"minecraft:hay_block":14,"minecraft:furnace":2,"minecraft:iron_ore":18,"minecraft:cobbled_deepslate":1,"minecraft:acacia_wood":12,"minecraft:bookshelf":8,"minecraft:deepslate_iron_ore":21,"minecraft:iron_bars":1,"minecraft:lantern":4,"minecraft:stripped_acacia_log":2,"minecraft:stone":491,"iceandfire:pixie_jar_empty":1,"minecraft:smithing_table":1,"minecraft:deepslate_redstone_ore":5,"minecraft:scaffolding":1,"unusualprehistory:deepslate_plant_fossil":3,"minecraft:blackstone":8,"minecraft:blue_stained_glass":14,"minecraft:crafting_table":2,"minecraft:torch":9,"graveyard:tg_rooted_dirt":1,"minecraft:honey_block":15,"minecraft:blast_furnace":1,"minecraft:lectern":51,"minecraft:cobblestone":10,"farmersdelight:cabbages":107,"minecraft:copper_ore":7,"minecraft:tall_grass":13,"minecraft:oak_planks":5,"minecraft:wall_torch":3,"minecraft:wheat":496,"minecraft:white_carpet":1,"unusualprehistory:petrified_bush":2,"minecraft:grass":11,"minecraft:coal_ore":56,"minecraft:oak_log":5,"minecraft:gravel":10,"minecraft:dirt":36,"minecraft:smooth_basalt":2,"minecraft:acacia_planks":2,"minecraft:stripped_acacia_wood":1,"minecraft:fern":1},"minecraft:killed_by":{"born_in_chaos_v1:nightmare_stalker":2,"minecraft:spider":1,"mowziesmobs:ferrous_wroughtnaut":1,"creeperoverhaul:cave_creeper":1},"minecraft:crafted":{"minecraft:cookie":54,"minecraft:oak_planks":20,"minecraft:furnace":8,"minecraft:bone_meal":12,"minecraft:bookshelf":7,"minecraft:iron_boots":1,"minecraft:stone_pickaxe":4,"minecraft:chest":1,"minecraft:wheat":126,"minecraft:emerald":32,"minecraft:crafting_table":4,"minecraft:acacia_slab":24,"minecraft:iron_helmet":1,"minecraft:wooden_pickaxe":2,"minecraft:copper_ingot":16,"minecraft:stone_axe":3,"minecraft:enchanted_book":2,"minecraft:bread":27,"minecraft:air":0,"minecraft:lectern":4,"minecraft:iron_chestplate":1,"minecraft:diamond_pickaxe":1,"minecraft:stick":36,"minecraft:iron_ingot":20,"minecraft:iron_pickaxe":1,"minecraft:iron_leggings":1,"minecraft:acacia_planks":140,"minecraft:torch":52},"minecraft:killed":{"born_in_chaos_v1:zombie_clown":2,"born_in_chaos_v1:restless_spirit":2,"born_in_chaos_v1:maggot":2,"born_in_chaos_v1:baby_skeleton":4,"born_in_chaos_v1:decrepit_skeleton":4,"minecraft:zombie":2,"born_in_chaos_v1:dread_hound":4,"born_in_chaos_v1:dark_vortex":2},"minecraft:custom":{"minecraft:interact_with_smithing_table":1,"minecraft:mob_kills":11,"minecraft:animals_bred":5,"minecraft:interact_with_crafting_table":41,"minecraft:open_barrel":2,"minecraft:time_since_death":19701,"minecraft:leave_game":6,"minecraft:climb_one_cm":1214,"minecraft:sprint_one_cm":275014,"minecraft:walk_one_cm":806958,"minecraft:drop":79,"minecraft:talked_to_villager":27,"minecraft:play_time":250722,"minecraft:deaths":5,"minecraft:sneak_time":7417,"minecraft:walk_under_water_one_cm":198,"minecraft:jump":2319,"minecraft:interact_with_blast_furnace":6,"minecraft:walk_on_water_one_cm":2848,"minecraft:total_world_time":250722,"minecraft:interact_with_furnace":11,"minecraft:traded_with_villager":37,"minecraft:sleep_in_bed":8,"minecraft:time_since_rest":19737,"minecraft:damage_taken":1991,"minecraft:damage_dealt":2082,"minecraft:fly_one_cm":289257,"minecraft:open_chest":53,"minecraft:crouch_one_cm":17525,"minecraft:fall_one_cm":47410,"minecraft:horse_one_cm":5870},"minecraft:broken":{"minecraft:wooden_pickaxe":1,"minecraft:stone_pickaxe":3,"minecraft:stone_axe":1},"minecraft:used":{"alexsmobs:emu_egg":1,"iceandfire:lectern":7,"minecraft:iron_bars":1,"farmersdelight:cabbage_seeds":197,"minecraft:chest":1,"minecraft:rotten_flesh":2,"minecraft:iron_chestplate":1,"minecraft:torch":62,"minecraft:dirt":19,"minecraft:carrot":8,"minecraft:tuff":1,"minecraft:lantern":4,"minecraft:iron_axe":24,"minecraft:acacia_slab":5,"minecraft:iron_helmet":1,"farmersdelight:rotten_tomato":1,"minecraft:iron_boots":1,"born_in_chaos_v1:gnawed_bones":1,"minecraft:scaffolding":1,"minecraft:oak_sapling":7,"minecraft:furnace":2,"minecraft:acacia_planks":2,"minecraft:iron_leggings":2,"minecraft:wheat_seeds":649,"minecraft:stone_pickaxe":518,"minecraft:oak_planks":6,"minecraft:blackstone":1,"minecraft:wooden_pickaxe":64,"minecraft:composter":4,"minecraft:leather_boots":1,"minecraft:cookie":2,"minecraft:crafting_table":6,"minecraft:blast_furnace":1,"minecraft:diamond_pickaxe":23,"minecraft:bread":21,"minecraft:iron_pickaxe":59,"minecraft:lectern":55,"minecraft:gravel":7,"minecraft:soul_lantern":2,"minecraft:stone_axe":144,"minecraft:cobblestone":47,"minecraft:bone_meal":22,"minecraft:experience_bottle":1},"minecraft:picked_up":{"minecraft:crafting_table":2,"minecraft:coarse_dirt":1,"minecraft:wheat":499,"minecraft:smithing_table":1,"minecraft:wooden_pickaxe":1,"iceandfire:manuscript":2,"unusualprehistory:opal_chunk":1,"minecraft:raw_copper":25,"born_in_chaos_v1:intoxicating_decoction":2,"minecraft:white_carpet":1,"minecraft:item_frame":1,"minecraft:experience_bottle":1,"minecraft:blackstone":1,"iceandfire:bestiary":2,"unusualprehistory:paleo_fossil":12,"farmersdelight:cabbage":102,"born_in_chaos_v1:gnawed_bones":1,"unusualprehistory:plant_fossil_item":5,"minecraft:iron_pickaxe":1,"minecraft:lectern":51,"farmersdelight:cabbage_seeds":285,"minecraft:furnace":2,"minecraft:stick":7,"minecraft:raw_iron":39,"farmersdelight:rotten_tomato":1,"minecraft:composter":4,"minecraft:torch":16,"minecraft:acacia_log":20,"minecraft:cookie":2,"minecraft:redstone":17,"minecraft:rotten_flesh":35,"minecraft:hay_block":14,"unusualprehistory:opal_fossil":1,"alexsmobs:emu_egg":2,"minecraft:mutton":14,"minecraft:iron_bars":1,"minecraft:white_wool":7,"minecraft:cobblestone":486,"minecraft:feather":1,"born_in_chaos_v1:monster_flesh":2,"alexsmobs:acacia_blossom":4,"minecraft:acacia_wood":12,"minecraft:flint":1,"minecraft:tuff":1,"minecraft:oak_log":10,"farmersdelight:tomato":2,"minecraft:dirt":41,"minecraft:lantern":4,"minecraft:bone":7,"minecraft:acacia_planks":2,"born_in_chaos_v1:intoxicating_dagger":1,"iceandfire:pixie_jar_empty":1,"minecraft:wheat_seeds":874,"minecraft:iron_ingot":7,"minecraft:stone_pickaxe":1,"minecraft:oak_planks":5,"minecraft:acacia_sapling":4,"minecraft:book":24,"minecraft:scaffolding":1,"iceandfire:copper_nugget":150,"minecraft:smooth_basalt":1,"born_in_chaos_v1:ethereal_spirit":2,"minecraft:stripped_acacia_wood":1,"minecraft:gravel":10,"born_in_chaos_v1:dark_rod":1,"minecraft:blast_furnace":2,"minecraft:stripped_acacia_log":2,"minecraft:diamond":9,"iceandfire:lectern":8,"minecraft:soul_lantern":2,"minecraft:honey_block":15,"minecraft:bone_meal":10,"minecraft:rooted_dirt":1,"minecraft:oak_sapling":7,"minecraft:acacia_slab":5,"minecraft:melon_seeds":1,"minecraft:coal":95,"iceandfire:raw_silver":6}},"DataVersion":3465}