{"stats":{"minecraft:dropped":{"iceandfire:raw_silver":4,"minecraft:oak_log":5,"minecraft:cookie":2,"minecraft:item_frame":1,"born_in_chaos_v1:monster_flesh":2,"minecraft:stone_button":1,"minecraft:iron_pickaxe":3,"minecraft:gravel":3,"minecraft:blackstone":13,"minecraft:cobbled_deepslate":64,"minecraft:wheat":11,"minecraft:rotten_flesh":27,"minecraft:beehive":2,"alexsmobs:emu_egg":1,"minecraft:bread":12,"minecraft:wheat_seeds":301,"minecraft:yellow_terracotta":2,"minecraft:feather":7,"minecraft:cobblestone":28,"minecraft:apple":1,"minecraft:stick":7,"minecraft:cobweb":4,"minecraft:torch":6,"minecraft:iron_axe":6,"minecraft:string":2,"minecraft:smooth_basalt":6,"farmersdelight:cabbage_seeds":1,"minecraft:blast_furnace":1,"minecraft:diamond_sword":2,"iceandfire:chared_cobblestone":6,"minecraft:diamond_pickaxe":1,"minecraft:stone_bricks":1,"minecraft:stone_pickaxe":1,"minecraft:wooden_pickaxe":2,"minecraft:dead_brain_coral_block":1,"iceandfire:chared_stone":1},"minecraft:mined":{"graveyard:tg_coarse_dirt":2,"minecraft:attached_melon_stem":1,"iceandfire:copper_pile":25,"minecraft:brewing_stand":1,"minecraft:carved_pumpkin":3,"minecraft:acacia_log":25,"minecraft:grass_block":22,"unusualprehistory:deepslate_opal_ore":9,"unusualprehistory:deepslate_fossil":30,"iceandfire:lectern":8,"minecraft:coal_block":8,"minecraft:composter":4,"minecraft:spawner":1,"iceandfire:crackled_cobblestone":6,"minecraft:magma_block":14,"minecraft:iron_ore":18,"minecraft:fire":5,"minecraft:cobbled_deepslate":3,"minecraft:iron_bars":1,"minecraft:iron_block":12,"iceandfire:chared_cobblestone":16,"minecraft:deepslate_redstone_ore":7,"minecraft:blackstone":299,"minecraft:dead_bubble_coral_block":1,"minecraft:blue_stained_glass":14,"born_in_chaos_v1:infected_deepslate_diamond_ore":2,"minecraft:torch":12,"minecraft:blast_furnace":2,"minecraft:melon":21,"farmersdelight:cabbages":154,"minecraft:cobblestone":66,"minecraft:sugar_cane":7,"minecraft:oak_planks":5,"minecraft:wall_torch":4,"minecraft:wheat":531,"minecraft:waxed_copper_block":1,"minecraft:grass":23,"minecraft:oak_log":8,"minecraft:dirt":53,"minecraft:sand":4,"minecraft:smooth_basalt":14,"minecraft:deepslate":139,"iceandfire:chared_stone":14,"minecraft:yellow_terracotta":2,"minecraft:tuff":1,"iceandfire:silver_ore":2,"minecraft:deepslate_diamond_ore":13,"iceandfire:crackled_gravel":4,"minecraft:acacia_slab":5,"minecraft:infested_chiseled_stone_bricks":1,"minecraft:cartography_table":1,"minecraft:hay_block":18,"minecraft:furnace":3,"minecraft:acacia_wood":14,"minecraft:dead_horn_coral_block":1,"minecraft:bookshelf":33,"minecraft:deepslate_iron_ore":28,"minecraft:rail":1,"minecraft:lantern":4,"minecraft:stripped_acacia_log":2,"minecraft:stone":609,"iceandfire:pixie_jar_empty":1,"minecraft:smithing_table":1,"minecraft:scaffolding":1,"unusualprehistory:deepslate_plant_fossil":3,"minecraft:crafting_table":5,"graveyard:tg_rooted_dirt":1,"minecraft:honey_block":15,"minecraft:emerald_ore":1,"minecraft:rose_bush":1,"minecraft:lectern":56,"minecraft:tall_grass":15,"minecraft:copper_ore":7,"minecraft:deepslate_gold_ore":12,"minecraft:dead_fire_coral_block":1,"minecraft:beehive":3,"minecraft:white_carpet":1,"gobber2:gobber2_lucky_block_deepslate":7,"unusualprehistory:petrified_bush":2,"minecraft:dead_brain_coral_block":1,"minecraft:potted_azure_bluet":1,"minecraft:coal_ore":74,"minecraft:gravel":10,"minecraft:cobweb":31,"minecraft:acacia_planks":2,"minecraft:stripped_acacia_wood":1,"minecraft:stone_bricks":3,"minecraft:fern":1},"minecraft:killed_by":{"born_in_chaos_v1:nightmare_stalker":2,"born_in_chaos_v1:spirit_guide":1,"creeperoverhaul:cave_creeper":1,"alexsmobs:rhinoceros":1,"artifacts:mimic":1,"iceandfire:fire_dragon":1,"minecraft:spider":1,"mowziesmobs:ferrous_wroughtnaut":2,"minecraft:skeleton":1,"iceandfire:lightning_dragon":4,"born_in_chaos_v1:door_knight":1},"minecraft:crafted":{"minecraft:oak_planks":36,"minecraft:melon":1,"minecraft:bookshelf":7,"minecraft:iron_boots":1,"minecraft:chest":3,"sophisticatedbackpacks:backpack":1,"minecraft:emerald":32,"minecraft:crafting_table":6,"minecraft:acacia_slab":24,"minecraft:iron_helmet":1,"minecraft:wooden_pickaxe":3,"minecraft:copper_ingot":35,"iceandfire:ash":2,"minecraft:lectern":4,"iceandfire:tide_blue_helmet":1,"minecraft:iron_chestplate":1,"minecraft:diamond_pickaxe":1,"minecraft:stick":60,"minecraft:iron_ingot":42,"minecraft:iron_pickaxe":2,"minecraft:gold_ingot":16,"minecraft:cookie":54,"minecraft:raw_iron":54,"minecraft:furnace":9,"minecraft:bone_meal":12,"minecraft:stone_pickaxe":5,"minecraft:redstone_block":2,"minecraft:wheat":126,"sophisticatedbackpacks:iron_backpack":1,"minecraft:diamond_sword":1,"sophisticatedbackpacks:gold_backpack":1,"minecraft:bucket":2,"minecraft:stone_axe":3,"minecraft:enchanted_book":2,"minecraft:bread":43,"minecraft:air":0,"minecraft:oak_boat":1,"minecraft:iron_leggings":1,"minecraft:acacia_planks":152,"minecraft:torch":112},"minecraft:killed":{"born_in_chaos_v1:lifestealer_true_form":2,"born_in_chaos_v1:zombie_clown":2,"minecraft:cave_spider":4,"born_in_chaos_v1:restless_spirit":2,"minecraft:spider":2,"born_in_chaos_v1:siamese_skeletonsright":2,"born_in_chaos_v1:baby_skeleton_minion":4,"minecraft:silverfish":4,"born_in_chaos_v1:diamond_termite":8,"minecraft:zombie":6,"born_in_chaos_v1:dread_hound":8,"born_in_chaos_v1:corpse_fly":2,"born_in_chaos_v1:door_knight":4,"minecraft:cow":4,"born_in_chaos_v1:siamese_skeletonsleft":4,"born_in_chaos_v1:zombie_bruiser":2,"born_in_chaos_v1:maggot":8,"mowziesmobs:umvuthana":2,"born_in_chaos_v1:baby_skeleton":10,"born_in_chaos_v1:spirit_guide_assistant":4,"born_in_chaos_v1:decrepit_skeleton":8,"born_in_chaos_v1:dark_vortex":2},"minecraft:custom":{"minecraft:animals_bred":8,"minecraft:interact_with_crafting_table":82,"minecraft:open_barrel":19,"minecraft:leave_game":13,"minecraft:time_since_death":1753,"minecraft:sprint_one_cm":600898,"minecraft:drop":139,"minecraft:talked_to_villager":30,"minecraft:play_time":447687,"minecraft:deaths":19,"minecraft:jump":5466,"minecraft:walk_on_water_one_cm":9475,"minecraft:interact_with_furnace":20,"minecraft:traded_with_villager":37,"minecraft:sleep_in_bed":13,"minecraft:damage_dealt":8713,"minecraft:crouch_one_cm":22150,"minecraft:interact_with_smoker":3,"minecraft:horse_one_cm":5870,"minecraft:interact_with_smithing_table":1,"minecraft:mob_kills":49,"minecraft:damage_dealt_resisted":1861,"minecraft:climb_one_cm":3824,"minecraft:walk_one_cm":1620575,"minecraft:sneak_time":10416,"minecraft:walk_under_water_one_cm":80094,"minecraft:interact_with_blast_furnace":14,"minecraft:total_world_time":447687,"minecraft:time_since_rest":1791,"minecraft:damage_taken":7078,"minecraft:swim_one_cm":33906,"minecraft:fly_one_cm":834951,"minecraft:open_chest":96,"minecraft:fall_one_cm":122607},"minecraft:broken":{"minecraft:stone_pickaxe":3,"minecraft:stone_axe":1,"minecraft:wooden_pickaxe":2,"minecraft:iron_pickaxe":2,"minecraft:golden_pickaxe":1},"minecraft:used":{"iceandfire:lectern":7,"farmersdelight:cabbage_seeds":243,"gobber2:gobber2_gooey_bread":3,"minecraft:chest":2,"minecraft:rotten_flesh":2,"minecraft:iron_chestplate":1,"minecraft:carrot":8,"minecraft:acacia_sapling":5,"minecraft:tuff":1,"minecraft:beehive":2,"farmersdelight:tomato":1,"minecraft:lantern":4,"farmersdelight:rotten_tomato":1,"minecraft:iron_helmet":4,"born_in_chaos_v1:gnawed_bones":1,"minecraft:magma_block":2,"minecraft:scaffolding":1,"minecraft:furnace":3,"minecraft:oak_sapling":7,"minecraft:stone_pickaxe":597,"minecraft:oak_planks":6,"minecraft:blackstone":10,"minecraft:wooden_pickaxe":123,"minecraft:composter":4,"minecraft:cookie":54,"minecraft:sand":2,"minecraft:yellow_terracotta":1,"minecraft:blast_furnace":2,"minecraft:bread":40,"minecraft:lectern":55,"minecraft:gravel":7,"minecraft:soul_lantern":2,"minecraft:diamond_sword":194,"minecraft:oak_boat":1,"minecraft:bone_meal":22,"minecraft:golden_pickaxe":32,"minecraft:cobweb":4,"minecraft:experience_bottle":1,"minecraft:iron_bars":1,"minecraft:torch":130,"minecraft:dirt":36,"artifacts:onion_ring":1,"minecraft:iron_axe":73,"minecraft:acacia_slab":5,"minecraft:iron_boots":1,"minecraft:melon_seeds":2,"minecraft:smooth_basalt":4,"minecraft:beef":3,"minecraft:cobbled_deepslate":6,"minecraft:acacia_planks":4,"minecraft:iron_leggings":2,"minecraft:wheat_seeds":660,"iceandfire:tide_blue_helmet":4,"iceandfire:dragon_skull_lightning":1,"minecraft:leather_boots":1,"minecraft:rail":1,"minecraft:crafting_table":11,"minecraft:oak_log":1,"alexsmobs:flying_fish":3,"minecraft:diamond_pickaxe":212,"minecraft:apple":3,"minecraft:iron_pickaxe":498,"minecraft:stone_axe":144,"minecraft:cobblestone":122,"alexsmobs:emu_egg":2},"minecraft:picked_up":{"minecraft:wheat":532,"minecraft:smithing_table":1,"minecraft:diamond_sword":3,"minecraft:brewing_stand":1,"iceandfire:manuscript":2,"minecraft:string":35,"minecraft:raw_copper":25,"minecraft:experience_bottle":1,"minecraft:cobbled_deepslate":121,"minecraft:bucket":1,"farmersdelight:cabbage":147,"born_in_chaos_v1:charmof_power":1,"unusualprehistory:plant_fossil_item":5,"minecraft:iron_pickaxe":3,"minecraft:melon_slice":110,"minecraft:coal_block":8,"farmersdelight:cabbage_seeds":424,"minecraft:furnace":3,"minecraft:stick":8,"minecraft:beehive":5,"born_in_chaos_v1:shattered_skull":1,"farmersdelight:rotten_tomato":1,"minecraft:composter":4,"minecraft:torch":29,"minecraft:acacia_log":23,"iceandfire:crackled_gravel":4,"gobber2:gobber2_foo":1,"artifacts:lucky_scarf":1,"minecraft:rotten_flesh":47,"minecraft:iron_block":12,"minecraft:carved_pumpkin":3,"alexsmobs:emu_egg":3,"minecraft:iron_bars":1,"alexsmobs:flying_fish":3,"minecraft:cobblestone":646,"minecraft:magma_block":14,"minecraft:feather":7,"born_in_chaos_v1:spiritual_dust":1,"minecraft:flint":1,"minecraft:tuff":1,"farmersdelight:tomato":3,"minecraft:dirt":71,"minecraft:lantern":4,"born_in_chaos_v1:monster_skin":1,"minecraft:bone":13,"minecraft:acacia_planks":57,"minecraft:wheat_seeds":1012,"minecraft:raw_gold":12,"minecraft:oak_planks":9,"gobber2:gobber2_gooey_bread":3,"minecraft:stripped_acacia_wood":1,"minecraft:sand":4,"iceandfire:chared_cobblestone":21,"minecraft:stripped_acacia_log":2,"minecraft:diamond":13,"iceandfire:lectern":8,"minecraft:soul_lantern":2,"minecraft:dead_brain_coral_block":2,"minecraft:bone_meal":10,"minecraft:bread":13,"minecraft:emerald":1,"minecraft:rooted_dirt":1,"minecraft:oak_sapling":7,"iceandfire:raw_silver":6,"gobber2:gobber2_goo":2,"minecraft:diamond_pickaxe":1,"iceandfire:dragon_skull_lightning":1,"minecraft:coarse_dirt":1,"born_in_chaos_v1:diamond_termite_shard":4,"minecraft:crafting_table":5,"born_in_chaos_v1:seedof_chaos":4,"born_in_chaos_v1:charmof_resistance":1,"minecraft:wooden_pickaxe":1,"minecraft:dead_horn_coral_block":1,"iceandfire:sea_serpent_scales_blue":6,"unusualprehistory:opal_chunk":4,"minecraft:iron_axe":6,"minecraft:white_carpet":1,"born_in_chaos_v1:intoxicating_decoction":2,"minecraft:item_frame":1,"minecraft:blackstone":258,"iceandfire:bestiary":2,"minecraft:cartography_table":1,"unusualprehistory:paleo_fossil":31,"minecraft:beef":3,"born_in_chaos_v1:gnawed_bones":1,"minecraft:lectern":55,"minecraft:sugar_cane":18,"minecraft:raw_iron":46,"iceandfire:dragonbone":20,"farmersdelight:tomato_seeds":1,"minecraft:stone_button":1,"minecraft:cookie":2,"born_in_chaos_v1:pieceofdarkmetal":18,"minecraft:redstone":27,"minecraft:hay_block":18,"unusualprehistory:opal_fossil":5,"minecraft:yellow_terracotta":3,"minecraft:mutton":14,"minecraft:rail":1,"minecraft:white_wool":7,"born_in_chaos_v1:fused_bone":4,"iceandfire:sea_serpent_fang":9,"born_in_chaos_v1:monster_flesh":3,"minecraft:leather":2,"gobber2:gobber2_gooey_beefstew":1,"alexsmobs:acacia_blossom":5,"minecraft:acacia_wood":15,"minecraft:oak_log":15,"minecraft:waxed_copper_block":1,"born_in_chaos_v1:intoxicating_dagger":1,"minecraft:stone_bricks":1,"minecraft:apple":4,"iceandfire:pixie_jar_empty":1,"minecraft:iron_ingot":70,"minecraft:stone_pickaxe":1,"minecraft:cobweb":4,"iceandfire:crackled_cobblestone":6,"minecraft:acacia_sapling":9,"minecraft:book":95,"iceandfire:chared_stone":11,"minecraft:scaffolding":1,"iceandfire:copper_nugget":278,"minecraft:smooth_basalt":15,"born_in_chaos_v1:lifestealer_bone":5,"iceandfire:ash":2,"born_in_chaos_v1:ethereal_spirit":5,"minecraft:gravel":10,"minecraft:dead_fire_coral_block":1,"born_in_chaos_v1:dark_rod":1,"minecraft:blast_furnace":3,"minecraft:spider_eye":1,"minecraft:honey_block":15,"minecraft:dead_bubble_coral_block":1,"minecraft:acacia_slab":5,"minecraft:melon_seeds":3,"minecraft:coal":156}},"DataVersion":3465}