{"stats":{"minecraft:dropped":{"sophisticatedbackpacks:iron_backpack":1,"minecraft:iron_sword":1,"minecraft:moss_block":4,"minecraft:candle":12,"minecraft:weeping_vines":6,"minecraft:dark_oak_slab":1,"minecraft:lantern":2,"minecraft:rooted_dirt":33,"minecraft:item_frame":4,"minecraft:cobblestone_stairs":2,"minecraft:dirt":45,"minecraft:dark_oak_fence":1,"minecraft:cornflower":1,"minecraft:cracked_deepslate_tiles":3,"minecraft:bone_meal":8,"alexsmobs:emu_feather":4,"minecraft:phantom_membrane":1,"call_of_yucutan:red_limestone":3,"minecraft:iron_pickaxe":1,"minecraft:gravel":6,"minecraft:stone_axe":1,"minecraft:blackstone":9,"minecraft:cobbled_deepslate":4,"minecraft:wheat":2,"minecraft:oak_planks":1,"minecraft:white_candle":2,"iceandfire:fire_lily":1,"minecraft:salmon":1,"minecraft:deepslate_tiles":8,"artifacts:helium_flamingo":1,"minecraft:melon_seeds":8,"born_in_chaos_v1:corpse_maggot":3,"minecraft:chainmail_boots":1,"minecraft:iron_bars":3,"minecraft:beef":1,"minecraft:bread":1,"minecraft:stone_brick_stairs":2,"farmersdelight:tomato_seeds":6,"minecraft:egg":1,"iceandfire:manuscript":1,"minecraft:magenta_carpet":4,"minecraft:wheat_seeds":1476,"minecraft:feather":3,"minecraft:cobblestone":84,"minecraft:cobweb":109,"minecraft:deepslate_brick_stairs":9,"born_in_chaos_v1:black_argillite":1,"minecraft:brewing_stand":1,"iceandfire:copper_nugget":1,"minecraft:torch":1,"minecraft:iron_leggings":1,"minecraft:iron_axe":1,"minecraft:blue_carpet":1,"farmersdelight:rotten_tomato":1,"alexsmobs:maggot":4,"minecraft:moss_carpet":4,"minecraft:coarse_dirt":22,"minecraft:stone_sword":1,"minecraft:stone_shovel":1,"minecraft:raw_iron":8,"minecraft:chicken":1,"minecraft:polished_deepslate_slab":14,"minecraft:iron_boots":1,"minecraft:deepslate_bricks":11,"minecraft:stone":2,"minecraft:shield":1,"minecraft:allium":7,"iceandfire:rotten_egg":2,"minecraft:iron_chestplate":1,"minecraft:oak_sapling":3,"minecraft:stone_bricks":3,"minecraft:brown_carpet":8,"minecraft:wooden_pickaxe":2,"minecraft:raw_gold":6,"minecraft:cracked_deepslate_bricks":1},"minecraft:mined":{"minecraft:blue_carpet":1,"minecraft:large_amethyst_bud":2,"minecraft:spruce_planks":3,"minecraft:attached_melon_stem":4,"minecraft:white_bed":6,"farmersdelight:rich_soil":15,"iceandfire:copper_pile":60,"minecraft:cobblestone_stairs":1,"minecraft:cherry_log":1,"minecraft:sculk_vein":8,"alexsmobs:leafcutter_anthill":1,"minecraft:jungle_leaves":1,"unusualprehistory:stone_amber_ore":2,"minecraft:brewing_stand":3,"ecologics:surface_moss":1,"minecraft:granite":2,"minecraft:cave_vines_plant":3,"minecraft:budding_amethyst":3,"minecraft:acacia_log":2,"unusualprehistory:deepslate_opal_ore":3,"minecraft:grass_block":48,"born_in_chaos_v1:dark_metal_deposit":1,"unusualprehistory:deepslate_fossil":3,"gobber2:gobber2_lucky_block":26,"unusualprehistory:plant_fossil":3,"minecraft:jungle_log":36,"iceandfire:lectern":6,"minecraft:deepslate_bricks":15,"minecraft:composter":7,"minecraft:spawner":22,"minecraft:sculk_catalyst":1,"minecraft:iron_ore":39,"minecraft:cobbled_deepslate":2,"minecraft:cyan_wall_banner":1,"graveyard:leaning_wither_skeleton":1,"minecraft:moss_carpet":1,"minecraft:pumpkin":1,"minecraft:deepslate_lapis_ore":6,"minecraft:azure_bluet":3,"minecraft:polished_deepslate_slab":11,"minecraft:flowering_azalea_leaves":1,"minecraft:iron_bars":10,"minecraft:deepslate_brick_stairs":10,"unusualprehistory:stone_tar_fossil":11,"minecraft:player_head":1,"minecraft:deepslate_redstone_ore":4,"minecraft:magenta_carpet":4,"minecraft:red_bed":2,"minecraft:blackstone":9,"minecraft:kelp_plant":3,"minecraft:melon_stem":3,"graveyard:spruce_coffin":4,"minecraft:powder_snow":13,"iceandfire:podium_acacia":3,"unusualprehistory:analyzer":1,"minecraft:clay":18,"minecraft:torch":17,"minecraft:blast_furnace":2,"minecraft:calcite":182,"minecraft:melon":1,"minecraft:chest":14,"iceandfire:fire_lily":1,"minecraft:glass":1,"farmersdelight:cabbages":3,"minecraft:cobblestone":18,"minecraft:white_candle":1,"minecraft:oak_planks":1,"minecraft:wall_torch":47,"minecraft:amethyst_block":5,"minecraft:seagrass":1,"minecraft:dark_oak_slab":1,"ecologics:seashell":1,"minecraft:mud":3,"minecraft:wheat":736,"call_of_yucutan:red_limestone":3,"unusualprehistory:stone_fossil":13,"minecraft:jukebox":1,"born_in_chaos_v1:river_mint":1,"graveyard:skull_pile":2,"minecraft:grass":86,"minecraft:cracked_deepslate_tiles":4,"minecraft:oak_log":7,"minecraft:sand":67,"minecraft:dirt":61,"minecraft:smooth_basalt":2,"unusualprehistory:splattered_tar":2,"minecraft:oak_leaves":19,"minecraft:deepslate":190,"minecraft:purple_glazed_terracotta":176,"minecraft:deepslate_tiles":8,"minecraft:tuff":12,"iceandfire:silver_ore":8,"minecraft:deepslate_diamond_ore":37,"farmersdelight:wild_carrots":8,"minecraft:dark_oak_log":5,"born_in_chaos_v1:infected_diamond_ore":6,"minecraft:dark_oak_fence":1,"minecraft:cobbled_deepslate_slab":1,"minecraft:allium":1,"born_in_chaos_v1:black_argillite":1,"graveyard:tg_deepslate":1,"iceandfire:deepslate_silver_ore":6,"alexsmobs:leafcutter_ant_chamber":21,"farmersdelight:tomatoes":5,"ecologics:coconut_log":6,"minecraft:moss_block":14,"minecraft:kelp":3,"minecraft:rooted_dirt":60,"minecraft:hay_block":98,"farmersdelight:wild_onions":4,"minecraft:redstone_ore":2,"minecraft:furnace":6,"minecraft:black_glazed_terracotta":4,"minecraft:acacia_wood":1,"minecraft:bookshelf":12,"graveyard:sarcophagus":4,"minecraft:vine":3,"minecraft:deepslate_iron_ore":11,"crittersandcompanions:silk_cocoon":2,"domesticationinnovation:pet_bed_red":1,"minecraft:bamboo":1,"minecraft:stone":336,"minecraft:white_wool":11,"minecraft:cake":1,"iceandfire:pixie_jar_empty":10,"minecraft:smithing_table":1,"minecraft:scaffolding":19,"minecraft:acacia_leaves":2,"minecraft:redstone_block":2,"unusualprehistory:deepslate_plant_fossil":4,"minecraft:potted_lily_of_the_valley":1,"minecraft:brown_carpet":1,"unusualprehistory:stone_opal_ore":1,"minecraft:crafting_table":18,"minecraft:cornflower":1,"minecraft:sculk_sensor":4,"minecraft:tall_grass":55,"minecraft:copper_ore":8,"minecraft:deepslate_coal_ore":1,"born_in_chaos_v1:chipped_black_argillite_brick":1,"farmersdelight:wild_tomatoes":10,"minecraft:lapis_ore":7,"minecraft:cracked_deepslate_bricks":7,"minecraft:sculk":22,"minecraft:diorite":1,"minecraft:red_terracotta":1,"minecraft:coarse_dirt":8,"graveyard:vase_block":1,"unusualprehistory:tar":44,"minecraft:yellow_bed":5,"gobber2:gobber2_lucky_block_deepslate":24,"minecraft:coal_ore":45,"minecraft:cocoa":2,"minecraft:gravel":7,"minecraft:yellow_concrete":1,"minecraft:cobweb":22,"minecraft:cracked_stone_bricks":10,"minecraft:acacia_planks":1,"minecraft:stone_bricks":28,"minecraft:fern":6},"minecraft:killed":{"born_in_chaos_v1:zombie_lumberjack":2,"born_in_chaos_v1:restless_spirit":6,"minecraft:spider":28,"graveyard:wraith":20,"minecraft:skeleton":8,"graveyard:acolyte":4,"alexsmobs:leafcutter_ant":10,"creeperoverhaul:cave_creeper":2,"irons_spellbooks:summoned_skeleton":4,"born_in_chaos_v1:firelight_not_despawn":2,"minecraft:pig":4,"alexsmobs:grizzly_bear":4,"born_in_chaos_v1:diamond_termite":16,"irons_spellbooks:necromancer":4,"minecraft:sheep":24,"minecraft:trader_llama":4,"minecraft:pillager":4,"minecraft:zombie":46,"born_in_chaos_v1:dread_hound":2,"born_in_chaos_v1:corpse_fly":16,"born_in_chaos_v1:door_knight":4,"graveyard:corrupted_pillager":6,"minecraft:cow":12,"irons_spellbooks:summoned_zombie":6,"graveyard:corrupted_vindicator":74,"born_in_chaos_v1:zombie_bruiser":4,"born_in_chaos_v1:maggot":24,"minecraft:horse":2,"cataclysm:lionfish":2,"cataclysm:deepling_angler":2,"born_in_chaos_v1:swarmer":2,"born_in_chaos_v1:decrepit_skeleton":8,"alexsmobs:emu":4,"born_in_chaos_v1:bloody_gadfly":2,"alexsmobs:gazelle":2,"unusualprehistory:sludge":2,"born_in_chaos_v1:dark_vortex":2,"born_in_chaos_v1:nightmare_stalker":4,"minecraft:player":1},"minecraft:killed_by":{"born_in_chaos_v1:nightmare_stalker":5,"minecraft:creeper":1,"alexsmobs:leafcutter_ant":1,"born_in_chaos_v1:zombie_bruiser":1,"graveyard:acolyte":1,"unusualprehistory:sludge":1,"cataclysm:deepling":1,"creeperoverhaul:ocean_creeper":1,"minecraft:vindicator":2,"cataclysm:deepling_brute":1,"minecraft:zombie":6,"born_in_chaos_v1:siamese_skeletons":1,"alexsmobs:komodo_dragon":9,"graveyard:wraith":1,"iceandfire:fire_dragon":2,"minecraft:spider":2,"born_in_chaos_v1:barrel_zombie":1,"minecraft:warden":5,"born_in_chaos_v1:decrepit_skeleton":1,"irons_spellbooks:necromancer":4,"minecraft:skeleton":7,"caneswonderfulspidersoverhaul:cobbleshell_spider":3,"graveyard:corrupted_vindicator":4},"minecraft:crafted":{"minecraft:oak_planks":28,"unusualprehistory:flask":3,"minecraft:cooked_mutton":1,"minecraft:glass":6,"minecraft:diamond_helmet":1,"minecraft:bow":1,"minecraft:iron_boots":1,"minecraft:chest":1,"minecraft:wooden_shovel":1,"sophisticatedbackpacks:backpack":2,"minecraft:cooked_porkchop":2,"minecraft:crafting_table":7,"minecraft:wooden_pickaxe":1,"unusualprehistory:analyzer":2,"minecraft:copper_ingot":40,"minecraft:hay_block":23,"iceandfire:earplugs":1,"minecraft:iron_chestplate":1,"minecraft:diamond_pickaxe":1,"minecraft:shield":2,"minecraft:stick":99,"minecraft:iron_ingot":25,"minecraft:iron_pickaxe":1,"minecraft:stone_sword":1,"minecraft:gold_ingot":35,"minecraft:shears":1,"minecraft:cherry_planks":4,"minecraft:wooden_sword":1,"minecraft:stone_shovel":1,"ecologics:coconut_planks":24,"minecraft:furnace":3,"minecraft:iron_axe":1,"minecraft:iron_hoe":1,"minecraft:stone_pickaxe":1,"minecraft:diamond_boots":1,"minecraft:dark_oak_planks":20,"ecologics:coconut_boat":2,"sophisticatedbackpacks:iron_backpack":2,"minecraft:wheat":27,"minecraft:diamond_sword":1,"iceandfire:silver_ingot":10,"minecraft:iron_sword":1,"sophisticatedbackpacks:gold_backpack":2,"minecraft:mangrove_planks":8,"minecraft:stone_axe":1,"minecraft:jungle_planks":20,"minecraft:bread":64,"minecraft:air":0,"minecraft:iron_leggings":1,"minecraft:white_bed":2,"minecraft:acacia_planks":8,"minecraft:torch":160,"minecraft:diamond_chestplate":1},"minecraft:custom":{"minecraft:animals_bred":2,"minecraft:interact_with_crafting_table":88,"minecraft:open_barrel":10,"minecraft:bell_ring":8,"minecraft:eat_cake_slice":7,"minecraft:leave_game":15,"minecraft:time_since_death":483,"minecraft:sprint_one_cm":1251406,"minecraft:damage_blocked_by_shield":7315,"minecraft:drop":183,"minecraft:talked_to_villager":1,"minecraft:play_time":556112,"minecraft:deaths":63,"minecraft:jump":8952,"minecraft:walk_on_water_one_cm":34653,"minecraft:interact_with_furnace":32,"minecraft:interact_with_cartography_table":1,"minecraft:sleep_in_bed":21,"minecraft:damage_dealt":37606,"minecraft:player_kills":1,"minecraft:crouch_one_cm":47614,"minecraft:interact_with_smoker":2,"minecraft:horse_one_cm":5208,"minecraft:interact_with_smithing_table":1,"minecraft:mob_kills":189,"minecraft:damage_dealt_resisted":1997,"minecraft:climb_one_cm":7816,"minecraft:walk_one_cm":1619591,"minecraft:sneak_time":28109,"minecraft:walk_under_water_one_cm":64705,"minecraft:interact_with_blast_furnace":17,"minecraft:total_world_time":556112,"minecraft:time_since_rest":308,"minecraft:damage_taken":24106,"minecraft:swim_one_cm":164990,"minecraft:fly_one_cm":1236443,"minecraft:open_chest":143,"minecraft:fall_one_cm":211448},"minecraft:broken":{"minecraft:stone_pickaxe":1,"minecraft:stone_axe":1,"minecraft:stone_sword":1,"minecraft:shield":2,"minecraft:golden_axe":1,"minecraft:leather_boots":1,"minecraft:iron_pickaxe":1,"minecraft:iron_helmet":1},"minecraft:used":{"minecraft:moss_block":2,"minecraft:moss_carpet":1,"gobber2:gobber2_gooey_bread":13,"minecraft:iron_sword":206,"minecraft:shield":132,"ecologics:coconut_planks":3,"minecraft:iron_chestplate":3,"minecraft:mutton":8,"minecraft:lily_of_the_valley":1,"minecraft:carrot":4,"minecraft:allium":3,"minecraft:acacia_sapling":1,"minecraft:azure_bluet":3,"minecraft:jungle_sapling":1,"minecraft:lava_bucket":7,"farmersdelight:tomato":1,"unusualprehistory:analyzer":1,"farmersdelight:rotten_tomato":1,"minecraft:iron_helmet":1,"minecraft:stone_bricks":84,"minecraft:item_frame":4,"iceandfire:earplugs":2,"minecraft:bow":23,"minecraft:oak_sapling":2,"minecraft:furnace":6,"minecraft:egg":2,"minecraft:diamond_boots":1,"minecraft:stone_pickaxe":121,"minecraft:cactus":2,"minecraft:wooden_pickaxe":18,"minecraft:white_wool":6,"minecraft:sand":82,"minecraft:blast_furnace":1,"minecraft:shears":8,"minecraft:deepslate_tiles":3,"gobber2:gobber2_gooey_beefstew":1,"minecraft:bread":74,"minecraft:melon_slice":3,"minecraft:gravel":3,"minecraft:diamond_sword":399,"minecraft:chainmail_boots":1,"minecraft:azalea":1,"minecraft:experience_bottle":1,"minecraft:cobweb":4,"minecraft:iron_bars":3,"minecraft:stone_sword":140,"minecraft:cracked_deepslate_bricks":3,"minecraft:stone_shovel":116,"farmersdelight:rich_soil":7,"minecraft:wooden_shovel":44,"minecraft:torch":326,"minecraft:brewing_stand":1,"minecraft:dirt":69,"minecraft:diamond_helmet":1,"minecraft:golden_chestplate":2,"minecraft:granite":2,"minecraft:iron_hoe":36,"minecraft:iron_axe":89,"minecraft:rooted_dirt":26,"minecraft:iron_boots":1,"minecraft:diamond_chestplate":1,"minecraft:tadpole_bucket":3,"minecraft:beef":1,"ecologics:coconut_boat":2,"minecraft:cooked_beef":12,"minecraft:cobbled_deepslate":66,"minecraft:iron_leggings":1,"minecraft:golden_axe":38,"minecraft:calcite":177,"minecraft:wheat_seeds":182,"minecraft:cooked_mutton":1,"minecraft:water_bucket":2,"minecraft:pink_tulip":1,"minecraft:baked_potato":9,"minecraft:purple_glazed_terracotta":48,"minecraft:leather_boots":1,"minecraft:cracked_stone_bricks":5,"farmersdelight:onion":6,"minecraft:crafting_table":24,"minecraft:red_bed":1,"minecraft:white_bed":8,"minecraft:mud":3,"minecraft:diamond_pickaxe":863,"minecraft:apple":2,"minecraft:iron_pickaxe":496,"minecraft:stone_axe":71,"minecraft:cobblestone":265,"minecraft:porkchop":1,"minecraft:white_banner":1,"minecraft:cooked_porkchop":2,"minecraft:bucket":11,"minecraft:pumpkin_pie":2,"minecraft:yellow_bed":5,"alexsmobs:animal_dictionary":1,"minecraft:diamond_leggings":1},"minecraft:picked_up":{"minecraft:wheat":690,"minecraft:redstone_block":2,"minecraft:chainmail_boots":1,"unusualprehistory:amber_shard":2,"minecraft:smithing_table":1,"minecraft:magenta_carpet":4,"minecraft:lead":5,"minecraft:enchanted_book":2,"minecraft:stone_brick_stairs":4,"born_in_chaos_v1:bloody_gadfly_eye":1,"minecraft:brewing_stand":4,"minecraft:amethyst_block":9,"born_in_chaos_v1:black_argillite":1,"iceandfire:manuscript":78,"minecraft:string":31,"minecraft:raw_copper":55,"graveyard:sarcophagus":4,"minecraft:experience_bottle":1,"minecraft:deepslate_tiles":11,"irons_spellbooks:arcane_essence":4,"alexsmobs:emu_feather":8,"alexsmobs:banana":3,"minecraft:cobbled_deepslate":70,"minecraft:black_glazed_terracotta":4,"farmersdelight:cabbage":2,"unusualprehistory:plant_fossil_item":7,"minecraft:calcite":177,"minecraft:azalea":1,"minecraft:melon_slice":3,"minecraft:mangrove_log":2,"alexsmobs:leafcutter_ant_chamber":20,"minecraft:furnace":6,"iceandfire:pixie_dust":2,"minecraft:stick":9,"minecraft:jukebox":1,"farmersdelight:rotten_tomato":2,"minecraft:composter":7,"minecraft:torch":84,"minecraft:acacia_log":1,"call_of_yucutan:red_limestone":3,"minecraft:porkchop":3,"minecraft:cherry_log":1,"iceandfire:rotten_egg":4,"born_in_chaos_v1:nightmare_claw":2,"minecraft:brown_carpet":8,"gobber2:gobber2_foo":5,"minecraft:stone_sword":1,"minecraft:cactus":2,"minecraft:rotten_flesh":64,"farmersdelight:onion":4,"ecologics:coconut_log":6,"alexsmobs:emu_egg":5,"minecraft:deepslate_brick_stairs":9,"minecraft:iron_bars":10,"minecraft:cobblestone":322,"minecraft:feather":3,"born_in_chaos_v1:spiritual_dust":2,"minecraft:jungle_log":36,"alexsmobs:bear_fur":3,"alexsmobs:bison_fur":2,"minecraft:flint":1,"minecraft:lapis_lazuli":90,"farmersdelight:tomato":9,"minecraft:dirt":128,"minecraft:lantern":2,"minecraft:leather_boots":1,"minecraft:bone":93,"minecraft:glass":2,"unusualprehistory:analyzer":1,"gobber2:gobber2_gooey_beef":9,"minecraft:wheat_seeds":1729,"minecraft:raw_gold":6,"minecraft:bamboo":8,"minecraft:moss_block":6,"minecraft:oak_planks":1,"gobber2:gobber2_gooey_bread":13,"iceandfire:shiny_scales":1,"minecraft:sand":96,"sophisticatedbackpacks:iron_backpack":1,"minecraft:lily_of_the_valley":1,"minecraft:dark_oak_log":5,"cataclysm:lionfish":1,"minecraft:white_candle":2,"born_in_chaos_v1:fire_dust":1,"minecraft:diamond":38,"iceandfire:lectern":6,"minecraft:granite":2,"minecraft:bone_meal":8,"minecraft:emerald":7,"minecraft:rooted_dirt":66,"alexsmobs:maggot":4,"minecraft:oak_sapling":5,"minecraft:dark_oak_fence":1,"gobber2:gobber2_goo":17,"iceandfire:raw_silver":14,"minecraft:mud":3,"minecraft:crafting_table":18,"minecraft:cocoa_beans":15,"born_in_chaos_v1:diamond_termite_shard":8,"minecraft:coarse_dirt":23,"minecraft:allium":10,"minecraft:azure_bluet":3,"minecraft:chicken":1,"born_in_chaos_v1:river_mint":1,"minecraft:clay_ball":52,"iceandfire:fire_lily":1,"graveyard:dark_iron_ingot":3,"ecologics:seashell":1,"minecraft:wooden_pickaxe":1,"minecraft:cornflower":1,"unusualprehistory:opal_chunk":6,"minecraft:red_bed":2,"minecraft:moss_carpet":6,"minecraft:iron_axe":3,"minecraft:item_frame":6,"minecraft:blackstone":18,"alexsmobs:komodo_spit":1,"graveyard:corruption":17,"minecraft:cracked_stone_bricks":6,"iceandfire:bestiary":6,"minecraft:candle":12,"unusualprehistory:paleo_fossil":3,"minecraft:beef":13,"minecraft:player_head":2,"minecraft:jungle_sapling":6,"minecraft:iron_nugget":3,"iceandfire:podium_acacia":3,"minecraft:chest":14,"minecraft:phantom_membrane":1,"minecraft:egg":3,"unusualprehistory:tar_fossil_item":15,"iceandfire:troll_tusk":1,"minecraft:raw_iron":59,"iceandfire:dragonbone":1,"minecraft:polished_deepslate_slab":17,"minecraft:stone":2,"domesticationinnovation:pet_bed_red":1,"minecraft:copper_ingot":12,"farmersdelight:tomato_seeds":14,"born_in_chaos_v1:pieceofdarkmetal":1,"minecraft:carrot":8,"minecraft:redstone":25,"alexsmobs:leafcutter_ant_pupa":2,"minecraft:blue_carpet":1,"minecraft:arrow":5,"iceandfire:silver_ingot":4,"minecraft:weeping_vines":6,"minecraft:deepslate_bricks":11,"crittersandcompanions:silk":8,"minecraft:hay_block":96,"unusualprehistory:opal_fossil":1,"minecraft:cracked_deepslate_bricks":4,"minecraft:pink_tulip":1,"minecraft:gold_ingot":2,"sophisticatedbackpacks:copper_backpack":1,"minecraft:glow_berries":5,"minecraft:mutton":19,"minecraft:white_wool":46,"minecraft:cracked_deepslate_tiles":3,"born_in_chaos_v1:corpse_maggot":17,"farmersdelight:rich_soil":15,"minecraft:clock":1,"born_in_chaos_v1:monster_flesh":4,"minecraft:salmon":1,"minecraft:leather":8,"gobber2:gobber2_gooey_beefstew":5,"minecraft:acacia_wood":1,"graveyard:spruce_coffin":4,"minecraft:oak_log":7,"minecraft:yellow_bed":5,"minecraft:cobblestone_stairs":2,"minecraft:paper":11,"minecraft:white_banner":1,"minecraft:apple":2,"minecraft:stone_bricks":28,"iceandfire:pixie_jar_empty":10,"minecraft:kelp":12,"minecraft:iron_ingot":35,"born_in_chaos_v1:chipped_black_argillite_brick":1,"minecraft:cobweb":130,"minecraft:iron_sword":1,"minecraft:acacia_sapling":1,"minecraft:book":42,"minecraft:scaffolding":22,"iceandfire:copper_nugget":494,"minecraft:dark_oak_slab":1,"minecraft:pumpkin":1,"born_in_chaos_v1:orbofthe_summoner":1,"born_in_chaos_v1:ethereal_spirit":6,"minecraft:gravel":9,"born_in_chaos_v1:dark_rod":1,"minecraft:amethyst_shard":13,"minecraft:blast_furnace":2,"minecraft:white_bed":6,"minecraft:spider_eye":10,"minecraft:cyan_banner":1,"artifacts:helium_flamingo":1,"minecraft:slime_ball":5,"minecraft:purple_glazed_terracotta":176,"minecraft:stone_axe":2,"minecraft:melon_seeds":12,"minecraft:coal":158,"unusualprehistory:mezo_fossil":13}},"DataVersion":3465}