{"stats":{"minecraft:used":{"minecraft:moss_block":2,"minecraft:moss_carpet":1,"gobber2:gobber2_gooey_bread":9,"minecraft:shield":49,"minecraft:iron_sword":118,"minecraft:iron_chestplate":3,"minecraft:mutton":8,"minecraft:lily_of_the_valley":1,"minecraft:carrot":4,"minecraft:azure_bluet":3,"farmersdelight:rotten_tomato":1,"minecraft:iron_helmet":1,"minecraft:item_frame":4,"minecraft:oak_sapling":1,"minecraft:furnace":5,"minecraft:stone_pickaxe":121,"minecraft:wooden_pickaxe":18,"minecraft:white_wool":6,"minecraft:blast_furnace":1,"minecraft:shears":8,"gobber2:gobber2_gooey_beefstew":1,"minecraft:bread":17,"minecraft:gravel":2,"minecraft:cobweb":4,"minecraft:experience_bottle":1,"minecraft:azalea":1,"minecraft:stone_sword":140,"minecraft:stone_shovel":116,"minecraft:torch":57,"minecraft:brewing_stand":1,"minecraft:dirt":8,"minecraft:golden_chestplate":2,"minecraft:iron_hoe":36,"minecraft:iron_axe":54,"minecraft:rooted_dirt":26,"minecraft:tadpole_bucket":1,"minecraft:cobbled_deepslate":1,"minecraft:golden_axe":38,"minecraft:iron_leggings":1,"minecraft:wheat_seeds":181,"minecraft:cooked_mutton":1,"minecraft:water_bucket":1,"minecraft:leather_boots":1,"minecraft:crafting_table":15,"minecraft:white_bed":5,"minecraft:diamond_pickaxe":227,"minecraft:iron_pickaxe":251,"minecraft:stone_axe":71,"minecraft:cobblestone":62,"minecraft:cooked_porkchop":2,"minecraft:white_banner":1,"minecraft:porkchop":1,"minecraft:bucket":2,"minecraft:yellow_bed":2,"alexsmobs:animal_dictionary":1},"minecraft:custom":{"minecraft:animals_bred":2,"minecraft:interact_with_crafting_table":54,"minecraft:open_barrel":10,"minecraft:bell_ring":8,"minecraft:leave_game":4,"minecraft:time_since_death":136287,"minecraft:sprint_one_cm":534660,"minecraft:damage_blocked_by_shield":2745,"minecraft:drop":94,"minecraft:talked_to_villager":1,"minecraft:play_time":247708,"minecraft:deaths":35,"minecraft:jump":3924,"minecraft:walk_on_water_one_cm":1272,"minecraft:interact_with_furnace":24,"minecraft:interact_with_cartography_table":1,"minecraft:sleep_in_bed":14,"minecraft:damage_dealt":14512,"minecraft:player_kills":1,"minecraft:crouch_one_cm":13662,"minecraft:interact_with_smoker":2,"minecraft:horse_one_cm":5208,"minecraft:interact_with_smithing_table":1,"minecraft:mob_kills":85,"minecraft:damage_dealt_resisted":953,"minecraft:climb_one_cm":5776,"minecraft:walk_one_cm":813497,"minecraft:sneak_time":8575,"minecraft:interact_with_blast_furnace":17,"minecraft:total_world_time":247708,"minecraft:time_since_rest":0,"minecraft:damage_taken":10767,"minecraft:fly_one_cm":618307,"minecraft:open_chest":67,"minecraft:fall_one_cm":97036},"minecraft:picked_up":{"minecraft:wheat":689,"unusualprehistory:amber_shard":2,"minecraft:smithing_table":1,"minecraft:lead":2,"minecraft:brewing_stand":3,"born_in_chaos_v1:black_argillite":1,"iceandfire:manuscript":78,"minecraft:string":4,"minecraft:raw_copper":46,"minecraft:experience_bottle":1,"alexsmobs:emu_feather":8,"minecraft:cobbled_deepslate":1,"alexsmobs:banana":1,"farmersdelight:cabbage":2,"minecraft:black_glazed_terracotta":4,"unusualprehistory:plant_fossil_item":4,"minecraft:azalea":1,"minecraft:mangrove_log":2,"alexsmobs:leafcutter_ant_chamber":20,"minecraft:furnace":5,"iceandfire:pixie_dust":2,"minecraft:stick":8,"farmersdelight:rotten_tomato":2,"minecraft:composter":7,"minecraft:torch":11,"minecraft:acacia_log":1,"call_of_yucutan:red_limestone":3,"minecraft:porkchop":3,"iceandfire:rotten_egg":4,"minecraft:cherry_log":1,"born_in_chaos_v1:nightmare_claw":2,"minecraft:brown_carpet":8,"gobber2:gobber2_foo":5,"minecraft:stone_sword":1,"minecraft:rotten_flesh":34,"farmersdelight:onion":1,"alexsmobs:emu_egg":5,"minecraft:cobblestone":103,"minecraft:feather":3,"minecraft:jungle_log":24,"minecraft:flint":1,"minecraft:lapis_lazuli":55,"farmersdelight:tomato":8,"minecraft:dirt":60,"minecraft:lantern":2,"minecraft:leather_boots":1,"minecraft:bone":4,"gobber2:gobber2_gooey_beef":8,"minecraft:wheat_seeds":1657,"minecraft:bamboo":8,"minecraft:moss_block":6,"minecraft:oak_planks":1,"gobber2:gobber2_gooey_bread":9,"iceandfire:shiny_scales":1,"minecraft:sand":24,"sophisticatedbackpacks:iron_backpack":1,"minecraft:lily_of_the_valley":1,"minecraft:dark_oak_log":5,"minecraft:diamond":7,"iceandfire:lectern":6,"minecraft:granite":2,"minecraft:emerald":7,"minecraft:rooted_dirt":66,"minecraft:oak_sapling":4,"gobber2:gobber2_goo":16,"iceandfire:raw_silver":14,"minecraft:coarse_dirt":23,"minecraft:cocoa_beans":15,"born_in_chaos_v1:diamond_termite_shard":8,"minecraft:crafting_table":11,"minecraft:allium":3,"minecraft:azure_bluet":3,"minecraft:chicken":1,"minecraft:clay_ball":52,"iceandfire:fire_lily":1,"minecraft:cornflower":1,"unusualprehistory:opal_chunk":3,"minecraft:moss_carpet":6,"minecraft:iron_axe":3,"minecraft:item_frame":6,"alexsmobs:komodo_spit":1,"iceandfire:bestiary":6,"unusualprehistory:paleo_fossil":3,"minecraft:beef":12,"minecraft:player_head":2,"minecraft:jungle_sapling":5,"minecraft:iron_nugget":3,"iceandfire:podium_acacia":3,"minecraft:chest":14,"minecraft:phantom_membrane":1,"minecraft:egg":2,"minecraft:raw_iron":43,"iceandfire:dragonbone":1,"minecraft:stone":2,"domesticationinnovation:pet_bed_red":1,"iceandfire:troll_tusk":1,"minecraft:copper_ingot":3,"farmersdelight:tomato_seeds":8,"minecraft:carrot":8,"alexsmobs:leafcutter_ant_pupa":2,"iceandfire:silver_ingot":4,"minecraft:weeping_vines":6,"crittersandcompanions:silk":8,"minecraft:hay_block":96,"unusualprehistory:opal_fossil":1,"minecraft:gold_ingot":2,"sophisticatedbackpacks:copper_backpack":1,"minecraft:glow_berries":5,"minecraft:mutton":19,"minecraft:white_wool":46,"born_in_chaos_v1:corpse_maggot":14,"farmersdelight:rich_soil":8,"minecraft:clock":1,"born_in_chaos_v1:monster_flesh":4,"minecraft:salmon":1,"minecraft:leather":8,"gobber2:gobber2_gooey_beefstew":3,"minecraft:oak_log":7,"minecraft:yellow_bed":2,"minecraft:paper":11,"minecraft:white_banner":1,"minecraft:apple":2,"iceandfire:pixie_jar_empty":10,"minecraft:iron_ingot":35,"minecraft:cobweb":21,"minecraft:book":36,"minecraft:scaffolding":22,"iceandfire:copper_nugget":494,"minecraft:dark_oak_slab":1,"born_in_chaos_v1:ethereal_spirit":6,"minecraft:gravel":2,"born_in_chaos_v1:dark_rod":1,"minecraft:blast_furnace":2,"minecraft:white_bed":4,"minecraft:spider_eye":5,"minecraft:cyan_banner":1,"artifacts:helium_flamingo":1,"minecraft:slime_ball":5,"minecraft:purple_glazed_terracotta":176,"minecraft:melon_seeds":12,"minecraft:coal":143,"unusualprehistory:mezo_fossil":13},"minecraft:killed_by":{"born_in_chaos_v1:nightmare_stalker":5,"alexsmobs:leafcutter_ant":1,"born_in_chaos_v1:zombie_bruiser":1,"born_in_chaos_v1:siamese_skeletons":1,"minecraft:zombie":6,"alexsmobs:komodo_dragon":9,"minecraft:spider":2,"born_in_chaos_v1:decrepit_skeleton":1,"minecraft:skeleton":6,"caneswonderfulspidersoverhaul:cobbleshell_spider":3},"minecraft:broken":{"minecraft:stone_pickaxe":1,"minecraft:stone_axe":1,"minecraft:stone_sword":1,"minecraft:golden_axe":1,"minecraft:leather_boots":1,"minecraft:iron_pickaxe":1},"minecraft:killed":{"born_in_chaos_v1:zombie_lumberjack":2,"born_in_chaos_v1:restless_spirit":4,"minecraft:skeleton":2,"alexsmobs:leafcutter_ant":10,"creeperoverhaul:cave_creeper":2,"minecraft:pig":4,"born_in_chaos_v1:diamond_termite":16,"minecraft:sheep":24,"minecraft:trader_llama":4,"minecraft:pillager":2,"minecraft:zombie":26,"born_in_chaos_v1:corpse_fly":16,"born_in_chaos_v1:door_knight":2,"minecraft:cow":10,"born_in_chaos_v1:zombie_bruiser":4,"born_in_chaos_v1:maggot":20,"minecraft:horse":2,"born_in_chaos_v1:swarmer":2,"born_in_chaos_v1:decrepit_skeleton":2,"alexsmobs:emu":4,"alexsmobs:gazelle":2,"born_in_chaos_v1:dark_vortex":2,"born_in_chaos_v1:nightmare_stalker":4,"minecraft:player":1},"minecraft:crafted":{"minecraft:oak_planks":28,"minecraft:cooked_mutton":1,"minecraft:chest":1,"sophisticatedbackpacks:backpack":2,"minecraft:cooked_porkchop":2,"minecraft:crafting_table":5,"minecraft:wooden_pickaxe":1,"minecraft:copper_ingot":40,"minecraft:hay_block":23,"minecraft:iron_chestplate":1,"minecraft:diamond_pickaxe":1,"minecraft:shield":1,"minecraft:stick":83,"minecraft:iron_ingot":25,"minecraft:iron_pickaxe":1,"minecraft:stone_sword":1,"minecraft:gold_ingot":35,"minecraft:shears":1,"minecraft:cherry_planks":4,"minecraft:wooden_sword":1,"minecraft:stone_shovel":1,"minecraft:furnace":3,"minecraft:iron_axe":1,"minecraft:iron_hoe":1,"minecraft:stone_pickaxe":1,"minecraft:dark_oak_planks":20,"minecraft:wheat":9,"sophisticatedbackpacks:iron_backpack":2,"iceandfire:silver_ingot":10,"minecraft:iron_sword":1,"sophisticatedbackpacks:gold_backpack":2,"minecraft:mangrove_planks":8,"minecraft:stone_axe":1,"minecraft:bread":58,"minecraft:air":0,"minecraft:jungle_planks":12,"minecraft:iron_leggings":1,"minecraft:white_bed":1,"minecraft:acacia_planks":4,"minecraft:torch":48},"minecraft:dropped":{"sophisticatedbackpacks:iron_backpack":1,"minecraft:moss_block":4,"minecraft:dark_oak_slab":1,"minecraft:weeping_vines":6,"minecraft:rooted_dirt":33,"minecraft:item_frame":2,"minecraft:dirt":44,"minecraft:cornflower":1,"alexsmobs:emu_feather":4,"minecraft:phantom_membrane":1,"call_of_yucutan:red_limestone":3,"minecraft:oak_planks":1,"iceandfire:fire_lily":1,"minecraft:salmon":1,"artifacts:helium_flamingo":1,"minecraft:beef":1,"iceandfire:manuscript":1,"minecraft:egg":1,"minecraft:wheat_seeds":1213,"minecraft:feather":3,"minecraft:cobblestone":8,"born_in_chaos_v1:black_argillite":1,"minecraft:brewing_stand":1,"iceandfire:copper_nugget":1,"minecraft:iron_axe":1,"farmersdelight:rotten_tomato":1,"minecraft:moss_carpet":4,"minecraft:coarse_dirt":22,"minecraft:stone_sword":1,"minecraft:stone_shovel":1,"minecraft:chicken":1,"minecraft:stone":2,"minecraft:allium":3,"iceandfire:rotten_egg":2,"minecraft:oak_sapling":3,"minecraft:brown_carpet":8,"minecraft:wooden_pickaxe":1},"minecraft:mined":{"minecraft:attached_melon_stem":4,"minecraft:white_bed":4,"farmersdelight:rich_soil":8,"iceandfire:copper_pile":60,"minecraft:cherry_log":1,"alexsmobs:leafcutter_anthill":1,"minecraft:jungle_leaves":1,"unusualprehistory:stone_amber_ore":2,"minecraft:brewing_stand":2,"ecologics:surface_moss":1,"minecraft:granite":2,"minecraft:cave_vines_plant":3,"minecraft:acacia_log":2,"minecraft:grass_block":38,"unusualprehistory:deepslate_opal_ore":3,"unusualprehistory:deepslate_fossil":3,"minecraft:jungle_log":24,"gobber2:gobber2_lucky_block":26,"iceandfire:lectern":6,"minecraft:composter":7,"minecraft:iron_ore":31,"minecraft:cyan_wall_banner":1,"minecraft:moss_carpet":1,"minecraft:deepslate_lapis_ore":1,"minecraft:azure_bluet":3,"minecraft:flowering_azalea_leaves":1,"minecraft:player_head":1,"minecraft:melon_stem":3,"minecraft:clay":18,"iceandfire:podium_acacia":3,"minecraft:torch":2,"minecraft:blast_furnace":2,"minecraft:chest":14,"iceandfire:fire_lily":1,"farmersdelight:cabbages":3,"minecraft:glass":1,"minecraft:cobblestone":12,"minecraft:oak_planks":1,"minecraft:wall_torch":7,"minecraft:dark_oak_slab":1,"call_of_yucutan:red_limestone":3,"minecraft:wheat":735,"unusualprehistory:stone_fossil":13,"minecraft:grass":64,"minecraft:oak_log":7,"minecraft:sand":24,"minecraft:dirt":21,"minecraft:oak_leaves":19,"minecraft:deepslate":13,"minecraft:purple_glazed_terracotta":176,"iceandfire:silver_ore":8,"minecraft:deepslate_diamond_ore":6,"farmersdelight:wild_carrots":8,"minecraft:dark_oak_log":5,"born_in_chaos_v1:infected_diamond_ore":6,"born_in_chaos_v1:black_argillite":1,"iceandfire:deepslate_silver_ore":6,"alexsmobs:leafcutter_ant_chamber":21,"farmersdelight:tomatoes":5,"minecraft:moss_block":13,"minecraft:rooted_dirt":60,"minecraft:hay_block":98,"farmersdelight:wild_onions":1,"minecraft:furnace":5,"minecraft:black_glazed_terracotta":4,"minecraft:bookshelf":10,"minecraft:deepslate_iron_ore":11,"minecraft:vine":3,"crittersandcompanions:silk_cocoon":2,"domesticationinnovation:pet_bed_red":1,"minecraft:bamboo":1,"minecraft:stone":87,"minecraft:white_wool":11,"minecraft:cake":1,"iceandfire:pixie_jar_empty":10,"minecraft:smithing_table":1,"minecraft:scaffolding":19,"minecraft:acacia_leaves":2,"unusualprehistory:deepslate_plant_fossil":4,"minecraft:potted_lily_of_the_valley":1,"minecraft:brown_carpet":1,"unusualprehistory:stone_opal_ore":1,"minecraft:cornflower":1,"minecraft:crafting_table":11,"minecraft:copper_ore":6,"minecraft:tall_grass":40,"minecraft:deepslate_coal_ore":1,"minecraft:lapis_ore":7,"farmersdelight:wild_tomatoes":5,"minecraft:red_terracotta":1,"minecraft:coarse_dirt":8,"gobber2:gobber2_lucky_block_deepslate":16,"minecraft:yellow_bed":2,"minecraft:coal_ore":43,"minecraft:cocoa":2,"minecraft:gravel":4,"minecraft:yellow_concrete":1,"minecraft:cobweb":4,"minecraft:acacia_planks":1,"minecraft:fern":6}},"DataVersion":3465}