{"stats":{"minecraft:custom":{"minecraft:interact_with_furnace":13,"minecraft:mob_kills":30,"minecraft:interact_with_crafting_table":15,"minecraft:damage_dealt_resisted":887,"minecraft:leave_game":1,"minecraft:time_since_death":12262,"minecraft:sleep_in_bed":1,"minecraft:climb_one_cm":2248,"minecraft:time_since_rest":12291,"minecraft:sprint_one_cm":88516,"minecraft:damage_taken":4245,"minecraft:walk_one_cm":135344,"minecraft:drop":2,"minecraft:damage_dealt":5371,"minecraft:fly_one_cm":101180,"minecraft:player_kills":1,"minecraft:crouch_one_cm":3044,"minecraft:play_time":41399,"minecraft:deaths":15,"minecraft:sneak_time":2306,"minecraft:jump":708,"minecraft:walk_on_water_one_cm":236,"minecraft:total_world_time":41399,"minecraft:fall_one_cm":20893},"minecraft:crafted":{"minecraft:cherry_planks":4,"minecraft:oak_planks":4,"minecraft:stone_shovel":1,"minecraft:cooked_porkchop":2,"minecraft:crafting_table":1,"minecraft:wooden_pickaxe":1,"minecraft:furnace":1,"minecraft:copper_ingot":2,"minecraft:stone_axe":1,"minecraft:cooked_mutton":1,"minecraft:air":0,"minecraft:stick":27,"minecraft:iron_pickaxe":1,"minecraft:iron_ingot":4,"minecraft:stone_pickaxe":1,"minecraft:stone_sword":1,"minecraft:white_bed":1,"minecraft:dark_oak_planks":20,"minecraft:torch":24},"minecraft:mined":{"iceandfire:silver_ore":5,"minecraft:cherry_log":1,"alexsmobs:leafcutter_anthill":1,"minecraft:jungle_leaves":1,"minecraft:dark_oak_log":5,"minecraft:crafting_table":6,"minecraft:grass_block":10,"gobber2:gobber2_lucky_block":6,"alexsmobs:leafcutter_ant_chamber":21,"minecraft:tall_grass":1,"minecraft:copper_ore":6,"minecraft:lapis_ore":1,"minecraft:moss_block":2,"minecraft:rooted_dirt":13,"minecraft:wall_torch":1,"minecraft:furnace":2,"minecraft:iron_ore":4,"call_of_yucutan:red_limestone":3,"minecraft:moss_carpet":1,"minecraft:grass":8,"minecraft:coal_ore":43,"minecraft:cocoa":2,"crittersandcompanions:silk_cocoon":2,"minecraft:bamboo":1,"minecraft:stone":29,"minecraft:white_wool":1,"minecraft:fern":3},"minecraft:broken":{"minecraft:stone_axe":1},"minecraft:picked_up":{"minecraft:cocoa_beans":6,"born_in_chaos_v1:corpse_maggot":7,"minecraft:crafting_table":6,"minecraft:oak_log":1,"minecraft:lapis_lazuli":4,"minecraft:dirt":10,"minecraft:moss_carpet":4,"minecraft:raw_copper":46,"minecraft:bone":4,"gobber2:gobber2_gooey_beef":1,"minecraft:iron_ingot":3,"gobber2:gobber2_gooey_bread":1,"minecraft:iron_nugget":3,"minecraft:bamboo":8,"minecraft:moss_block":2,"minecraft:mangrove_log":2,"alexsmobs:leafcutter_ant_chamber":20,"minecraft:furnace":2,"minecraft:raw_iron":4,"minecraft:copper_ingot":3,"minecraft:torch":2,"call_of_yucutan:red_limestone":3,"minecraft:porkchop":3,"minecraft:cherry_log":1,"alexsmobs:leafcutter_ant_pupa":2,"minecraft:dark_oak_log":5,"minecraft:spider_eye":5,"minecraft:rotten_flesh":14,"crittersandcompanions:silk":8,"sophisticatedbackpacks:copper_backpack":1,"minecraft:rooted_dirt":13,"gobber2:gobber2_goo":4,"minecraft:mutton":9,"minecraft:white_wool":6,"minecraft:coal":43,"iceandfire:raw_silver":5,"minecraft:cobblestone":33},"minecraft:killed":{"minecraft:pig":4,"born_in_chaos_v1:zombie_lumberjack":2,"born_in_chaos_v1:zombie_bruiser":2,"born_in_chaos_v1:decrepit_skeleton":2,"born_in_chaos_v1:maggot":10,"minecraft:sheep":10,"minecraft:skeleton":2,"minecraft:zombie":12,"alexsmobs:leafcutter_ant":10,"born_in_chaos_v1:corpse_fly":2,"born_in_chaos_v1:door_knight":2,"minecraft:player":1},"minecraft:used":{"minecraft:stone_sword":45,"minecraft:stone_pickaxe":83,"minecraft:stone_shovel":32,"minecraft:wooden_pickaxe":18,"minecraft:white_wool":2,"minecraft:torch":21,"minecraft:dirt":5,"minecraft:mutton":8,"minecraft:crafting_table":7,"minecraft:white_bed":1,"minecraft:rooted_dirt":2,"minecraft:iron_pickaxe":21,"minecraft:stone_axe":71,"minecraft:cooked_porkchop":1,"minecraft:furnace":2,"minecraft:porkchop":1,"alexsmobs:animal_dictionary":1},"minecraft:dropped":{"minecraft:moss_carpet":2,"minecraft:moss_block":1},"minecraft:killed_by":{"born_in_chaos_v1:decrepit_skeleton":1,"minecraft:skeleton":5,"minecraft:spider":2,"minecraft:zombie":5,"alexsmobs:leafcutter_ant":1,"born_in_chaos_v1:zombie_bruiser":1}},"DataVersion":3465}