{"stats":{"minecraft:used":{"call_of_yucutan:jades_leggings":1,"minecraft:moss_block":6,"minecraft:jack_o_lantern":1,"iceandfire:dragon_skull_ice":1,"minecraft:ladder":1,"ecologics:coconut_planks":3,"call_of_yucutan:jades_helmet":10,"gobber2:gobber2_goo_nether":1,"minecraft:lily_of_the_valley":1,"minecraft:allium":3,"minecraft:acacia_sapling":2,"minecraft:azure_bluet":3,"minecraft:jungle_sapling":11,"minecraft:lava_bucket":8,"call_of_yucutan:jade_tiles":1,"minecraft:birch_sapling":5,"farmersdelight:rotten_tomato":1,"iceandfire:ghost_chest":1,"minecraft:bow":124,"minecraft:furnace":8,"minecraft:oak_sapling":2,"minecraft:egg":2,"minecraft:spruce_door":3,"minecraft:blackstone":5,"minecraft:cactus":2,"minecraft:wooden_pickaxe":21,"minecraft:black_glazed_terracotta":5,"minecraft:composter":2,"minecraft:jungle_boat":5,"minecraft:cookie":49,"minecraft:golden_apple":1,"minecraft:glow_berries":2,"minecraft:sand":102,"minecraft:blast_furnace":2,"minecraft:deepslate_tiles":3,"call_of_yucutan:jade_slab":1,"gobber2:gobber2_gooey_beefstew":5,"minecraft:lectern":94,"minecraft:diamond_sword":1049,"minecraft:birch_log":2,"minecraft:iron_bars":3,"minecraft:stone_sword":140,"minecraft:enchanting_table":2,"born_in_chaos_v1:ethereal_spirit":1,"minecraft:cooked_salmon":1,"minecraft:netherrack":77,"minecraft:torch":438,"minecraft:brewing_stand":1,"minecraft:chipped_anvil":1,"minecraft:iron_axe":232,"minecraft:rooted_dirt":26,"minecraft:jungle_log":122,"born_in_chaos_v1:nightmare_scythe":3,"minecraft:barrel":4,"minecraft:diamond_chestplate":3,"minecraft:tadpole_bucket":3,"minecraft:beef":1,"ecologics:coconut_boat":4,"minecraft:acacia_wood":3,"minecraft:acacia_planks":10,"call_of_yucutan:jades_chestplate":1,"minecraft:cobbled_deepslate":73,"minecraft:golden_axe":38,"minecraft:calcite":177,"minecraft:wheat_seeds":182,"minecraft:water_bucket":40,"minecraft:birch_planks":24,"minecraft:cartography_table":1,"call_of_yucutan:jade_stairs":2,"minecraft:fletching_table":5,"minecraft:leather_boots":1,"iceandfire:tide_purple_helmet":1,"minecraft:cracked_stone_bricks":5,"minecraft:salmon":1,"minecraft:rail":1,"minecraft:crafting_table":35,"minecraft:red_bed":7,"minecraft:white_bed":10,"minecraft:cake":1,"call_of_yucutan:jades_boots":1,"unusualprehistory:cooked_scau":1,"minecraft:mud":3,"minecraft:diamond_pickaxe":2763,"minecraft:oxeye_daisy":1,"minecraft:diamond_shovel":69,"minecraft:sunflower":3,"minecraft:iron_pickaxe":496,"minecraft:suspicious_stew":2,"born_in_chaos_v1:staffofthe_summoner":56,"minecraft:leather_helmet":1,"minecraft:spruce_sapling":1,"minecraft:cobblestone":347,"minecraft:purple_bed":1,"minecraft:porkchop":1,"minecraft:cooked_porkchop":5,"minecraft:dandelion":1,"minecraft:diamond_leggings":2,"gobber2:gobber2_gooey_beef_nether":4,"minecraft:moss_carpet":6,"gobber2:gobber2_goo":3,"minecraft:iron_shovel":75,"minecraft:decorated_pot":1,"gobber2:gobber2_gooey_bread":13,"minecraft:shield":207,"minecraft:iron_sword":206,"minecraft:iron_chestplate":3,"minecraft:mutton":8,"minecraft:jungle_planks":7,"minecraft:carrot":47,"minecraft:axolotl_bucket":22,"call_of_yucutan:huracan_helmet":2,"minecraft:obsidian":14,"farmersdelight:tomato":1,"minecraft:lantern":6,"unusualprehistory:analyzer":3,"minecraft:iron_helmet":1,"iceandfire:blindfold":3,"minecraft:raw_gold_block":3,"minecraft:stone_bricks":84,"minecraft:item_frame":6,"iceandfire:earplugs":2,"minecraft:repeater":1,"minecraft:written_book":1,"minecraft:diamond_boots":2,"minecraft:stone_pickaxe":236,"minecraft:oak_planks":21,"minecraft:diamond_axe":101,"minecraft:white_wool":8,"minecraft:light_gray_terracotta":7,"minecraft:crossbow":66,"gobber2:gobber2_gooey_bread_nether":2,"minecraft:shears":35,"minecraft:cyan_bed":6,"minecraft:bread":177,"minecraft:melon_slice":3,"minecraft:gravel":3,"iceandfire:dragon_skull_fire":1,"minecraft:chainmail_boots":1,"minecraft:andesite":30,"minecraft:experience_bottle":22,"minecraft:cobweb":10,"minecraft:azalea":1,"minecraft:flint_and_steel":3,"minecraft:cracked_deepslate_bricks":3,"minecraft:stone_shovel":116,"minecraft:redstone":1,"minecraft:spruce_planks":3,"farmersdelight:rich_soil":7,"minecraft:wooden_shovel":44,"minecraft:cooked_chicken":5,"call_of_yucutan:polished_jade_block":2,"alexscaves:cooked_tripodfish":1,"call_of_yucutan:ritual_rock_slab":2,"minecraft:dirt":153,"unusualprehistory:cultivator":2,"minecraft:diamond_helmet":6,"minecraft:golden_chestplate":2,"minecraft:granite":3,"minecraft:iron_hoe":56,"minecraft:wooden_axe":43,"minecraft:dark_oak_planks":1,"minecraft:bookshelf":22,"minecraft:iron_boots":1,"gobber2:gobber2_gooey_beef":3,"call_of_yucutan:ritual_rocks":3,"minecraft:cooked_beef":23,"minecraft:iron_leggings":1,"born_in_chaos_v1:trident_hayfork":5,"minecraft:cooked_mutton":5,"minecraft:pink_tulip":1,"minecraft:glass_bottle":1,"minecraft:baked_potato":28,"minecraft:andesite_slab":2,"minecraft:purple_glazed_terracotta":249,"call_of_yucutan:mossy_ritual_rock_tiles":1,"minecraft:birch_boat":1,"minecraft:stonecutter":1,"farmersdelight:onion":7,"minecraft:flower_pot":1,"minecraft:apple":33,"gobber2:gobber2_gooey_beefstew_nether":2,"minecraft:stone_axe":147,"minecraft:white_banner":1,"minecraft:jungle_door":2,"minecraft:bucket":73,"call_of_yucutan:monkey_helmet":5,"minecraft:pumpkin_pie":3,"minecraft:yellow_bed":6,"alexsmobs:animal_dictionary":1,"minecraft:birch_stairs":1},"minecraft:custom":{"minecraft:interact_with_crafting_table":206,"minecraft:open_barrel":152,"minecraft:bell_ring":8,"minecraft:eat_cake_slice":24,"minecraft:leave_game":41,"minecraft:time_since_death":9650,"minecraft:damage_blocked_by_shield":12798,"minecraft:deaths":137,"minecraft:play_time":1398685,"minecraft:jump":20986,"minecraft:interact_with_furnace":61,"minecraft:traded_with_villager":64,"minecraft:interact_with_cartography_table":1,"minecraft:sleep_in_bed":47,"minecraft:damage_dealt":80876,"minecraft:interact_with_smoker":13,"minecraft:horse_one_cm":5208,"minecraft:inspect_dispenser":4,"minecraft:interact_with_smithing_table":4,"minecraft:interact_with_anvil":10,"minecraft:sneak_time":50069,"minecraft:interact_with_lectern":1,"minecraft:interact_with_blast_furnace":27,"minecraft:total_world_time":1398685,"minecraft:time_since_rest":7706,"minecraft:swim_one_cm":1346951,"minecraft:fly_one_cm":3006006,"minecraft:open_chest":346,"minecraft:fall_one_cm":513511,"minecraft:animals_bred":2,"minecraft:sprint_one_cm":2640011,"minecraft:drop":550,"minecraft:talked_to_villager":26,"minecraft:walk_on_water_one_cm":145015,"minecraft:player_kills":1,"minecraft:crouch_one_cm":81799,"minecraft:mob_kills":431,"minecraft:damage_dealt_resisted":5049,"minecraft:climb_one_cm":56775,"minecraft:walk_one_cm":4077612,"minecraft:walk_under_water_one_cm":357684,"minecraft:boat_one_cm":66091,"minecraft:damage_taken":55123,"minecraft:damage_absorbed":18,"minecraft:trigger_trapped_chest":6},"minecraft:picked_up":{"minecraft:wooden_axe":2,"minecraft:chainmail_boots":1,"minecraft:flower_pot":2,"minecraft:magenta_carpet":4,"minecraft:smithing_table":2,"minecraft:lead":10,"minecraft:diamond_sword":11,"minecraft:enchanted_book":2,"call_of_yucutan:huracan_helmet":2,"minecraft:brewing_stand":4,"minecraft:amethyst_block":9,"iceandfire:manuscript":84,"minecraft:string":51,"call_of_yucutan:poisonous_dart":7,"graveyard:sarcophagus":4,"gobber2:gobber2_glass_nether":4,"alexsmobs:emu_feather":8,"minecraft:diamond_leggings":1,"minecraft:gold_nugget":27,"minecraft:cobbled_deepslate":88,"minecraft:black_glazed_terracotta":5,"minecraft:spruce_planks":4,"minecraft:written_book":3,"unusualprehistory:plant_fossil_item":7,"minecraft:melon_slice":3,"minecraft:mangrove_log":2,"born_in_chaos_v1:shattered_skull":3,"minecraft:jukebox":1,"minecraft:composter":8,"minecraft:acacia_log":8,"call_of_yucutan:red_limestone":3,"minecraft:cherry_log":1,"minecraft:brown_carpet":8,"minecraft:stone_sword":1,"minecraft:honey_bottle":1,"farmersdelight:onion":4,"iceandfire:fire_dragon_heart":2,"minecraft:iron_bars":10,"minecraft:birch_log":72,"minecraft:feather":3,"born_in_chaos_v1:spiritual_dust":10,"minecraft:jungle_log":168,"alexsmobs:bison_fur":2,"minecraft:flint":1,"gobber2:gobber2_gooey_bread_nether":2,"irons_spellbooks:concentration_amulet":3,"farmersdelight:tomato":9,"minecraft:lantern":8,"artifacts:flippers":1,"minecraft:chipped_anvil":1,"unusualprehistory:analyzer":1,"minecraft:stonecutter":1,"minecraft:dark_oak_sign":1,"minecraft:diamond_helmet":4,"minecraft:moss_block":58,"irons_spellbooks:legendary_ink":1,"iceandfire:dragon_skull_fire":4,"iceandfire:shiny_scales":1,"sophisticatedbackpacks:iron_backpack":1,"minecraft:dark_oak_log":8,"minecraft:barrel":6,"cataclysm:lionfish":5,"minecraft:quartz_bricks":4,"minecraft:white_candle":2,"iceandfire:lectern":6,"minecraft:granite":3,"minecraft:rooted_dirt":66,"alexsmobs:maggot":8,"iceandfire:gorgon_head":1,"minecraft:jack_o_lantern":1,"minecraft:dark_oak_fence":1,"call_of_yucutan:blow_gun":1,"iceandfire:raw_silver":14,"minecraft:diamond_pickaxe":16,"sophisticatedbackpacks:gold_backpack":1,"minecraft:mud":3,"minecraft:coarse_dirt":23,"minecraft:crafting_table":21,"minecraft:clay_ball":64,"born_in_chaos_v1:seedof_chaos":6,"graveyard:dark_iron_ingot":3,"ecologics:seashell":1,"minecraft:cornflower":1,"minecraft:red_bed":7,"born_in_chaos_v1:intoxicating_decoction":6,"minecraft:white_carpet":1,"alexsmobs:komodo_spit":1,"iceandfire:bestiary":6,"minecraft:cracked_stone_bricks":8,"minecraft:cartography_table":1,"unusualprehistory:paleo_fossil":5,"minecraft:beef":13,"born_in_chaos_v1:gnawed_bones":1,"minecraft:jungle_sapling":17,"minecraft:iron_nugget":3,"minecraft:chest":14,"minecraft:birch_sapling":5,"minecraft:egg":3,"unusualprehistory:tar_fossil_item":15,"minecraft:polished_deepslate_slab":17,"minecraft:stone":2,"domesticationinnovation:pet_bed_red":1,"minecraft:raw_gold_block":6,"farmersdelight:tomato_seeds":19,"born_in_chaos_v1:pieceofdarkmetal":15,"minecraft:carrot":10,"minecraft:redstone":28,"minecraft:blue_carpet":1,"iceandfire:dragon_skull_ice":2,"irons_spellbooks:evocation_rune":1,"call_of_yucutan:polished_jade_block":12,"minecraft:diamond_chestplate":1,"minecraft:decorated_pot":1,"gobber2:gobber2_gooey_beef_nether":4,"minecraft:diamond_boots":1,"iceandfire:dragonscales_silver":14,"minecraft:deepslate_bricks":11,"minecraft:hay_block":96,"unusualprehistory:opal_fossil":2,"minecraft:cracked_deepslate_bricks":4,"minecraft:gold_ingot":2,"minecraft:totem_of_undying":2,"sophisticatedbackpacks:copper_backpack":2,"minecraft:glow_berries":34,"minecraft:mutton":25,"minecraft:rail":3,"minecraft:white_wool":50,"minecraft:oxeye_daisy":1,"minecraft:clock":1,"iceandfire:sea_serpent_fang":19,"born_in_chaos_v1:monster_flesh":7,"minecraft:tripwire_hook":1,"minecraft:acacia_wood":17,"graveyard:spruce_coffin":4,"minecraft:oak_log":18,"minecraft:ancient_debris":22,"endrem:undead_soul":2,"minecraft:paper":11,"minecraft:white_banner":1,"minecraft:apple":2,"minecraft:stone_bricks":28,"iceandfire:pixie_jar_empty":10,"minecraft:kelp":19,"minecraft:stone_pickaxe":1,"minecraft:cobweb":130,"gobber2:gobber2_gooey_beefstew_nether":2,"minecraft:glass_bottle":16,"minecraft:iron_sword":2,"iceandfire:copper_nugget":494,"minecraft:dark_oak_slab":1,"minecraft:sweet_berries":11,"iceandfire:sea_serpent_scales_green":10,"born_in_chaos_v1:orbofthe_summoner":2,"born_in_chaos_v1:ethereal_spirit":16,"minecraft:gravel":12,"minecraft:birch_stairs":2,"minecraft:spruce_sapling":1,"minecraft:oak_wood":9,"minecraft:purple_bed":1,"call_of_yucutan:monkey_helmet":4,"minecraft:slime_ball":5,"minecraft:purple_glazed_terracotta":253,"minecraft:stone_axe":4,"minecraft:diamond_axe":2,"minecraft:baked_potato":1,"minecraft:melon_seeds":12,"gobber2:gobber2_goo_nether":5,"unusualprehistory:mezo_fossil":27,"irons_spellbooks:scroll":2,"minecraft:wheat":690,"call_of_yucutan:jade_stairs":3,"minecraft:redstone_block":8,"unusualprehistory:amber_shard":2,"call_of_yucutan:ritual_rock_slab":4,"minecraft:stone_brick_stairs":4,"born_in_chaos_v1:bloody_gadfly_eye":1,"born_in_chaos_v1:black_argillite":1,"minecraft:raw_copper":55,"minecraft:sticky_piston":9,"minecraft:experience_bottle":1,"irons_spellbooks:arcane_essence":20,"minecraft:deepslate_tiles":15,"alexsmobs:banana":7,"farmersdelight:cabbage":2,"minecraft:bucket":3,"minecraft:calcite":177,"minecraft:azalea":1,"call_of_yucutan:jades_helmet":1,"born_in_chaos_v1:stimulating_decoction":1,"irons_spellbooks:inscription_table":3,"alexsmobs:leafcutter_ant_chamber":20,"minecraft:furnace":6,"minecraft:tipped_arrow":4,"iceandfire:pixie_dust":2,"minecraft:stick":57,"iceandfire:ghost_chest":1,"farmersdelight:rotten_tomato":2,"born_in_chaos_v1:phantom_powder":2,"biome_backlog:coconut_half":10,"minecraft:torch":186,"ecologics:coconut_seedling":1,"minecraft:porkchop":3,"iceandfire:rotten_egg":4,"minecraft:pointed_dripstone":3,"born_in_chaos_v1:nightmare_claw":3,"gobber2:gobber2_foo":6,"minecraft:cactus":4,"minecraft:rotten_flesh":132,"ecologics:coconut_log":6,"alexsmobs:emu_egg":5,"call_of_yucutan:jade_tiles":4,"minecraft:deepslate_brick_stairs":9,"minecraft:obsidian":19,"minecraft:cod":3,"minecraft:cobblestone":495,"minecraft:enchanting_table":1,"minecraft:repeater":1,"minecraft:andesite":33,"alexsmobs:bear_fur":5,"call_of_yucutan:ritual_rock_pillar":2,"call_of_yucutan:mossy_ritual_rocks":1,"minecraft:lapis_lazuli":90,"minecraft:dirt":318,"iceandfire:dragonscales_bronze":16,"born_in_chaos_v1:monster_skin":2,"minecraft:leather_boots":1,"minecraft:glass":2,"minecraft:bone":151,"minecraft:acacia_planks":50,"minecraft:bow":1,"gobber2:gobber2_gooey_beef":9,"minecraft:wheat_seeds":1735,"minecraft:raw_gold":6,"minecraft:mossy_stone_bricks":3,"minecraft:fletching_table":5,"minecraft:bamboo":8,"minecraft:oak_planks":13,"biome_backlog:palm_leaves_hanging":32,"gobber2:gobber2_gooey_bread":13,"minecraft:ghast_tear":1,"gobber2:gobber2_rod_nether":1,"minecraft:cooked_porkchop":1,"minecraft:jungle_planks":4,"minecraft:sand":199,"minecraft:lily_of_the_valley":1,"minecraft:cyan_bed":7,"minecraft:jungle_leaves":27,"call_of_yucutan:elder_bone":119,"minecraft:light_gray_terracotta":7,"call_of_yucutan:ancient_gold":2,"minecraft:sugar":30,"born_in_chaos_v1:fire_dust":4,"minecraft:diamond":47,"iceandfire:dragon_ice":3,"minecraft:crossbow":1,"minecraft:bone_meal":8,"minecraft:golden_apple":5,"minecraft:emerald":92,"minecraft:oak_sapling":5,"minecraft:netherrack":349,"iceandfire:silver_nugget":37,"gobber2:gobber2_goo":20,"minecraft:andesite_slab":2,"minecraft:cocoa_beans":15,"born_in_chaos_v1:diamond_termite_shard":9,"minecraft:allium":10,"minecraft:azure_bluet":3,"minecraft:chicken":1,"born_in_chaos_v1:river_mint":1,"minecraft:ladder":2,"iceandfire:fire_lily":1,"minecraft:wooden_pickaxe":1,"ecologics:coconut_boat":3,"minecraft:shield":2,"unusualprehistory:opal_chunk":8,"minecraft:moss_carpet":11,"minecraft:iron_axe":4,"minecraft:item_frame":9,"takesapillage:ravager_horn":1,"minecraft:blackstone":43,"graveyard:corruption":18,"minecraft:candle":12,"minecraft:player_head":2,"minecraft:lectern":94,"iceandfire:podium_acacia":3,"crittersandcompanions:clam":1,"minecraft:phantom_membrane":1,"minecraft:raw_iron":60,"iceandfire:dragonbone":17,"iceandfire:troll_tusk":1,"call_of_yucutan:mossy_ritual_rock_tiles":6,"ecologics:coconut_slice":2,"minecraft:copper_ingot":13,"minecraft:bowl":1,"minecraft:cookie":78,"alexsmobs:leafcutter_ant_pupa":2,"minecraft:dark_oak_planks":2,"iceandfire:silver_ingot":6,"iceandfire:sea_serpent_scales_purple":9,"minecraft:arrow":119,"minecraft:weeping_vines":6,"crittersandcompanions:silk":8,"minecraft:pink_tulip":1,"minecraft:saddle":1,"born_in_chaos_v1:trident_hayfork":3,"minecraft:skeleton_skull":2,"minecraft:cracked_deepslate_tiles":3,"born_in_chaos_v1:corpse_maggot":21,"farmersdelight:rich_soil":15,"minecraft:jungle_boat":3,"minecraft:salmon":5,"minecraft:leather":18,"gobber2:gobber2_gooey_beefstew":5,"call_of_yucutan:jade":97,"minecraft:birch_planks":59,"call_of_yucutan:ritual_rocks":61,"iceandfire:ectoplasm":3,"minecraft:yellow_bed":6,"minecraft:gunpowder":8,"minecraft:cobblestone_stairs":2,"minecraft:cooked_mutton":4,"minecraft:iron_ingot":108,"born_in_chaos_v1:chipped_black_argillite_brick":1,"minecraft:cooked_chicken":1,"iceandfire:fire_dragon_flesh":1,"minecraft:acacia_sapling":3,"minecraft:book":131,"call_of_yucutan:hematite_block":1,"minecraft:scaffolding":22,"minecraft:pumpkin":1,"minecraft:quartz":64,"minecraft:dandelion":1,"born_in_chaos_v1:dark_rod":4,"minecraft:amethyst_shard":13,"minecraft:blast_furnace":2,"minecraft:white_bed":6,"minecraft:spider_eye":14,"minecraft:cyan_banner":1,"minecraft:stripped_jungle_log":1,"artifacts:helium_flamingo":1,"call_of_yucutan:jade_slab":3,"call_of_yucutan:ritual_rock_tiles":4,"minecraft:damaged_anvil":1,"minecraft:dark_oak_wood":1,"minecraft:coal":177,"minecraft:sunflower":3},"minecraft:killed_by":{"born_in_chaos_v1:nightmare_stalker":13,"alexsmobs:leafcutter_ant":1,"minecraft:pillager":1,"graveyard:acolyte":1,"unusualprehistory:sludge":1,"cataclysm:deepling":1,"minecraft:vindicator":2,"born_in_chaos_v1:siamese_skeletons":1,"minecraft:zombie":6,"alexsmobs:komodo_dragon":9,"minecraft:vex":2,"call_of_yucutan:mitnal_monkey":2,"minecraft:warden":5,"born_in_chaos_v1:decrepit_skeleton":1,"caneswonderfulspidersoverhaul:cobbleshell_spider":3,"cataclysm:deepling_angler":1,"minecraft:creeper":2,"born_in_chaos_v1:zombie_bruiser":1,"call_of_yucutan:blowgun_huracan":6,"iceandfire:sea_serpent":1,"creeperoverhaul:ocean_creeper":2,"cataclysm:deepling_brute":3,"graveyard:wraith":1,"iceandfire:fire_dragon":10,"call_of_yucutan:undead_warrior":31,"minecraft:spider":2,"born_in_chaos_v1:barrel_zombie":1,"takesapillage:archer":1,"iceandfire:gorgon":1,"irons_spellbooks:necromancer":4,"born_in_chaos_v1:sir_pumpkinhead":1,"minecraft:skeleton":8,"irons_spellbooks:archevoker":1,"graveyard:corrupted_vindicator":4,"born_in_chaos_v1:missioner":1},"minecraft:broken":{"minecraft:stone_sword":1,"minecraft:diamond_leggings":1,"minecraft:shield":4,"minecraft:iron_pickaxe":1,"minecraft:iron_helmet":1,"iceandfire:tide_purple_helmet":1,"minecraft:stone_pickaxe":1,"minecraft:diamond_boots":1,"minecraft:stone_axe":2,"minecraft:golden_axe":1,"iceandfire:earplugs":1,"minecraft:leather_boots":1},"minecraft:crafted":{"minecraft:birch_boat":1,"minecraft:bookshelf":26,"minecraft:cooked_mutton":2,"minecraft:glass":68,"minecraft:diamond_helmet":1,"minecraft:tipped_arrow":55,"minecraft:wooden_shovel":1,"minecraft:emerald":32,"minecraft:cooked_porkchop":2,"minecraft:diamond_axe":1,"minecraft:jungle_boat":2,"unusualprehistory:analyzer":2,"call_of_yucutan:jades_boots":1,"minecraft:spruce_door":3,"minecraft:copper_ingot":81,"minecraft:hay_block":23,"iceandfire:earplugs":1,"minecraft:lectern":3,"minecraft:iron_pickaxe":1,"minecraft:gold_ingot":35,"minecraft:stone_shovel":1,"ecologics:coconut_planks":24,"unusualprehistory:organic_ooze":15,"minecraft:stone_pickaxe":2,"minecraft:diamond_boots":1,"minecraft:redstone_block":2,"minecraft:dark_oak_planks":28,"ecologics:coconut_boat":2,"minecraft:wheat":99,"minecraft:enchanting_table":1,"sophisticatedbackpacks:gold_backpack":3,"minecraft:enchanted_book":3,"minecraft:wooden_axe":1,"minecraft:iron_shovel":1,"minecraft:iron_leggings":1,"minecraft:white_bed":4,"minecraft:oak_planks":88,"unusualprehistory:flask":33,"unusualprehistory:cultivator":2,"born_in_chaos_v1:dark_metal_ingot":1,"minecraft:suspicious_stew":3,"iceandfire:tide_purple_helmet":1,"minecraft:bow":1,"minecraft:iron_boots":1,"minecraft:chest":1,"born_in_chaos_v1:pileof_dark_metal":1,"minecraft:oak_slab":12,"minecraft:arrow":176,"sophisticatedbackpacks:backpack":3,"minecraft:crafting_table":14,"iceandfire:blindfold":1,"minecraft:wooden_pickaxe":2,"minecraft:birch_planks":268,"born_in_chaos_v1:staffofthe_summoner":1,"minecraft:iron_chestplate":1,"minecraft:diamond_pickaxe":2,"minecraft:shield":2,"minecraft:stick":752,"sophisticatedbackpacks:diamond_backpack":1,"minecraft:iron_ingot":25,"minecraft:stone_sword":1,"minecraft:shears":1,"minecraft:cherry_planks":4,"call_of_yucutan:jades_chestplate":1,"minecraft:wooden_sword":1,"minecraft:furnace":4,"call_of_yucutan:jades_leggings":1,"born_in_chaos_v1:bone_handle":3,"minecraft:iron_axe":1,"minecraft:iron_hoe":1,"minecraft:netherite_scrap":2,"sophisticatedbackpacks:iron_backpack":3,"minecraft:cooked_beef":18,"minecraft:diamond_sword":1,"iceandfire:silver_ingot":10,"born_in_chaos_v1:nightmare_scythe":1,"minecraft:iron_sword":1,"minecraft:mangrove_planks":8,"minecraft:stone_axe":1,"call_of_yucutan:jades_helmet":1,"minecraft:bread":119,"minecraft:air":0,"minecraft:jungle_planks":156,"minecraft:jungle_door":3,"minecraft:acacia_planks":80,"minecraft:torch":212,"minecraft:diamond_chestplate":1},"minecraft:killed":{"born_in_chaos_v1:mr_pumpkin":4,"born_in_chaos_v1:restless_spirit":14,"born_in_chaos_v1:zombie_lumberjack":4,"born_in_chaos_v1:skeleton_demoman":4,"iceandfire:gorgon":2,"graveyard:wraith":20,"minecraft:skeleton":26,"graveyard:acolyte":4,"alexsmobs:leafcutter_ant":10,"creeperoverhaul:jungle_creeper":2,"born_in_chaos_v1:skeleton_thrasher":4,"creeperoverhaul:cave_creeper":2,"alexsmobs:centipede_head":2,"alexsmobs:skelewag":2,"born_in_chaos_v1:supreme_bonescaller_stage_2":2,"call_of_yucutan:mitnal_monkey":34,"born_in_chaos_v1:bone_imp":8,"call_of_yucutan:undead_warrior":14,"minecraft:pillager":26,"minecraft:zombie":100,"born_in_chaos_v1:corpse_fly":22,"born_in_chaos_v1:door_knight":4,"iceandfire:sea_serpent":4,"minecraft:cow":12,"minecraft:evoker":2,"graveyard:corrupted_vindicator":74,"minecraft:vindicator":6,"minecraft:horse":2,"born_in_chaos_v1:spiritof_chaos":2,"cataclysm:deepling_angler":4,"minecraft:husk":10,"born_in_chaos_v1:bone_imp_minion":18,"iceandfire:cyclops":2,"born_in_chaos_v1:decrepit_skeleton":20,"born_in_chaos_v1:bloody_gadfly":2,"iceandfire:ghost":12,"born_in_chaos_v1:dark_vortex":4,"iceandfire:ice_dragon":4,"minecraft:enderman":2,"born_in_chaos_v1:zombie_clown":2,"minecraft:witch":4,"minecraft:spider":44,"born_in_chaos_v1:scarlet_persecutor":2,"irons_spellbooks:summoned_skeleton":6,"born_in_chaos_v1:firelight_not_despawn":4,"artifacts:mimic":2,"born_in_chaos_v1:bonescaller":4,"minecraft:pig":4,"alexsmobs:grizzly_bear":4,"born_in_chaos_v1:diamond_termite":18,"irons_spellbooks:necromancer":6,"minecraft:sheep":30,"minecraft:trader_llama":4,"born_in_chaos_v1:zombie_fisherman":2,"born_in_chaos_v1:dread_hound":4,"minecraft:ghast":2,"alexsmobs:fly":2,"graveyard:corrupted_pillager":6,"irons_spellbooks:summoned_zombie":10,"caneswonderfulspidersoverhaul:cobbleshell_spider":2,"takesapillage:legioner":2,"born_in_chaos_v1:zombie_bruiser":6,"born_in_chaos_v1:maggot":54,"iceandfire:fire_dragon":4,"cataclysm:lionfish":4,"born_in_chaos_v1:fallen_chaos_knight":2,"call_of_yucutan:blowgun_huracan":34,"born_in_chaos_v1:baby_skeleton":2,"born_in_chaos_v1:swarmer":2,"creeperoverhaul:spruce_creeper":2,"alexsmobs:emu":4,"born_in_chaos_v1:phantom_creeper_copy":4,"creeperoverhaul:ocean_creeper":2,"alexsmobs:gazelle":2,"unusualprehistory:sludge":2,"born_in_chaos_v1:nightmare_stalker":4,"minecraft:player":1},"minecraft:dropped":{"sophisticatedbackpacks:iron_backpack":1,"minecraft:iron_sword":2,"call_of_yucutan:elder_bone":3,"minecraft:glass_bottle":6,"minecraft:dark_oak_slab":1,"minecraft:cooked_porkchop":1,"minecraft:weeping_vines":6,"minecraft:cookie":1,"minecraft:glow_berries":7,"minecraft:rooted_dirt":33,"call_of_yucutan:ritual_rock_pillar":2,"minecraft:cracked_stone_bricks":2,"minecraft:saddle":1,"born_in_chaos_v1:pieceofdarkmetal":5,"minecraft:rail":2,"minecraft:item_frame":5,"minecraft:emerald":17,"sophisticatedbackpacks:gold_backpack":1,"born_in_chaos_v1:monster_flesh":7,"minecraft:dirt":65,"minecraft:dark_oak_fence":1,"minecraft:cracked_deepslate_tiles":3,"born_in_chaos_v1:trident_hayfork":2,"minecraft:jungle_sapling":1,"alexsmobs:emu_feather":4,"minecraft:bone_meal":8,"minecraft:phantom_membrane":1,"minecraft:sand":27,"minecraft:iron_pickaxe":1,"minecraft:sugar":2,"call_of_yucutan:red_limestone":3,"minecraft:dark_oak_planks":2,"minecraft:white_wool":1,"minecraft:bone":35,"minecraft:stone_axe":3,"minecraft:cooked_chicken":1,"minecraft:cobbled_deepslate":15,"minecraft:wheat":2,"minecraft:rotten_flesh":13,"minecraft:oak_planks":12,"minecraft:quartz_bricks":4,"minecraft:salmon":8,"iceandfire:shiny_scales":1,"minecraft:tipped_arrow":8,"minecraft:deepslate_tiles":12,"call_of_yucutan:jade_tiles":1,"minecraft:jungle_log":5,"minecraft:ladder":1,"minecraft:beef":1,"minecraft:stone_brick_stairs":2,"farmersdelight:tomato_seeds":11,"minecraft:egg":1,"iceandfire:manuscript":1,"minecraft:lectern":1,"minecraft:iron_ingot":116,"minecraft:wheat_seeds":1541,"minecraft:feather":3,"minecraft:cobblestone":140,"minecraft:coal":35,"minecraft:golden_apple":5,"minecraft:cobweb":109,"born_in_chaos_v1:black_argillite":1,"minecraft:ink_sac":2,"iceandfire:copper_nugget":6,"minecraft:wooden_axe":2,"minecraft:diamond_helmet":1,"minecraft:string":54,"minecraft:iron_shovel":1,"minecraft:paper":9,"iceandfire:dragon_skull_fire":1,"minecraft:blue_carpet":1,"minecraft:acacia_planks":47,"ecologics:coconut_planks":3,"iceandfire:silver_nugget":37,"minecraft:moss_carpet":4,"minecraft:furnace":2,"biome_backlog:palm_leaves_hanging":32,"minecraft:stone_sword":1,"minecraft:dark_oak_sign":1,"minecraft:bowl":3,"minecraft:stone_shovel":1,"minecraft:chicken":1,"minecraft:polished_deepslate_slab":14,"minecraft:clay_ball":52,"minecraft:iron_boots":1,"iceandfire:dragon_ice":3,"minecraft:diamond_sword":10,"minecraft:stone":2,"minecraft:flower_pot":1,"minecraft:allium":7,"minecraft:diamond_pickaxe":16,"iceandfire:silver_ingot":1,"minecraft:stone_bricks":3,"minecraft:spider_eye":2,"minecraft:brown_carpet":8,"minecraft:bow":2,"minecraft:candle":12,"minecraft:moss_block":29,"minecraft:brown_mushroom":4,"minecraft:birch_planks":6,"minecraft:diamond_axe":2,"irons_spellbooks:concentration_amulet":2,"minecraft:baked_potato":1,"cataclysm:lionfish":3,"ecologics:coconut_slice":2,"iceandfire:fire_dragon_flesh":1,"minecraft:lantern":2,"call_of_yucutan:jade":31,"minecraft:jungle_planks":7,"minecraft:cod":2,"minecraft:cobblestone_stairs":2,"minecraft:cornflower":1,"minecraft:dark_oak_wood":1,"minecraft:mutton":24,"minecraft:birch_log":3,"minecraft:gravel":9,"minecraft:blackstone":9,"ecologics:coconut_boat":1,"minecraft:white_candle":2,"iceandfire:fire_lily":1,"minecraft:honey_bottle":2,"minecraft:carrot":1,"artifacts:helium_flamingo":1,"minecraft:melon_seeds":8,"born_in_chaos_v1:corpse_maggot":13,"minecraft:chainmail_boots":1,"minecraft:iron_bars":3,"minecraft:arrow":7,"alexsmobs:banana":5,"call_of_yucutan:ritual_rock_slab":2,"minecraft:written_book":2,"minecraft:netherrack":189,"call_of_yucutan:ritual_rocks":5,"minecraft:bread":1,"minecraft:magenta_carpet":4,"minecraft:lead":2,"minecraft:acacia_log":1,"minecraft:stick":75,"irons_spellbooks:scroll":1,"minecraft:deepslate_brick_stairs":9,"minecraft:brewing_stand":1,"minecraft:torch":82,"minecraft:jungle_door":1,"minecraft:iron_leggings":1,"minecraft:iron_axe":3,"minecraft:bucket":3,"iceandfire:dragonscales_bronze":1,"iceandfire:dragonbone":2,"farmersdelight:rotten_tomato":1,"minecraft:sweet_berries":4,"alexsmobs:maggot":8,"minecraft:coarse_dirt":22,"call_of_yucutan:jades_helmet":1,"minecraft:composter":1,"minecraft:raw_iron":8,"minecraft:iron_hoe":1,"minecraft:deepslate_bricks":11,"minecraft:shield":3,"graveyard:spruce_coffin":4,"iceandfire:rotten_egg":2,"minecraft:iron_chestplate":1,"minecraft:andesite":3,"minecraft:mossy_stone_bricks":3,"minecraft:oak_sapling":3,"minecraft:stone_pickaxe":1,"iceandfire:fire_dragon_heart":1,"minecraft:wooden_pickaxe":2,"minecraft:raw_gold":21,"minecraft:cracked_deepslate_bricks":1},"minecraft:mined":{"minecraft:dark_oak_planks":1,"minecraft:blue_carpet":1,"call_of_yucutan:mossy_ritual_rocks":1,"minecraft:white_bed":6,"iceandfire:copper_pile":60,"minecraft:cherry_log":1,"alexsmobs:leafcutter_anthill":1,"minecraft:jungle_leaves":36,"minecraft:red_nether_bricks":1,"unusualprehistory:stone_amber_ore":2,"minecraft:obsidian":19,"ecologics:surface_moss":1,"minecraft:granite":3,"minecraft:acacia_log":11,"born_in_chaos_v1:dark_metal_deposit":1,"minecraft:jungle_log":174,"minecraft:deepslate_bricks":15,"minecraft:spawner":43,"minecraft:magma_block":1,"minecraft:barrel":6,"minecraft:sticky_piston":5,"minecraft:cobbled_deepslate":2,"minecraft:fire":13,"minecraft:cyan_wall_banner":1,"minecraft:moss_carpet":2,"minecraft:pumpkin":1,"minecraft:deepslate_lapis_ore":6,"minecraft:fletching_table":1,"minecraft:enchanting_table":1,"minecraft:sculk_shrieker":1,"minecraft:cave_vines":1,"minecraft:polished_deepslate_slab":11,"minecraft:deepslate_brick_stairs":10,"unusualprehistory:stone_tar_fossil":11,"minecraft:player_head":1,"minecraft:tripwire":1,"minecraft:piston_head":2,"minecraft:magenta_carpet":4,"minecraft:red_bed":7,"minecraft:kelp_plant":5,"minecraft:soul_fire":1,"minecraft:powder_snow":13,"call_of_yucutan:hematite_block":1,"minecraft:torch":18,"born_in_chaos_v1:infected_deepslate_diamond_ore":1,"unusualprehistory:analyzer":1,"iceandfire:podium_acacia":3,"minecraft:dark_oak_wood":1,"minecraft:blast_furnace":2,"minecraft:melon":1,"gobber2:gobber2_lucky_block_nether":18,"minecraft:nether_brick_slab":1,"farmersdelight:cabbages":3,"minecraft:glass":2,"minecraft:white_candle":1,"minecraft:cyan_bed":7,"minecraft:damaged_anvil":1,"minecraft:amethyst_block":5,"mca:cross_headstone":1,"minecraft:repeater":1,"call_of_yucutan:jade_ore":24,"ecologics:seashell":1,"minecraft:mud":3,"minecraft:wheat":736,"minecraft:lilac":2,"minecraft:jukebox":1,"minecraft:grass":100,"minecraft:smooth_basalt":2,"minecraft:stonecutter":1,"born_in_chaos_v1:infernal_evil_pumpkin_s":1,"minecraft:deepslate":218,"call_of_yucutan:ritual_rock_slab":2,"minecraft:suspicious_gravel":1,"minecraft:purple_glazed_terracotta":253,"minecraft:deepslate_tiles":12,"call_of_yucutan:jade_tiles":8,"call_of_yucutan:jade_slab":3,"iceandfire:silver_ore":8,"minecraft:mossy_cobblestone":1,"farmersdelight:wild_carrots":8,"minecraft:dark_oak_log":8,"minecraft:jack_o_lantern":1,"minecraft:dark_oak_fence":1,"minecraft:cobbled_deepslate_slab":1,"call_of_yucutan:overgrown_chest":3,"minecraft:allium":1,"minecraft:jungle_planks":3,"born_in_chaos_v1:black_argillite":1,"graveyard:tg_deepslate":1,"iceandfire:deepslate_silver_ore":6,"minecraft:redstone_wire":2,"alexsmobs:leafcutter_ant_chamber":21,"minecraft:cartography_table":1,"minecraft:moss_block":40,"minecraft:kelp":9,"farmersdelight:wild_onions":4,"minecraft:redstone_ore":2,"minecraft:acacia_wood":18,"minecraft:andesite":42,"graveyard:sarcophagus":4,"minecraft:vine":10,"minecraft:rail":1,"minecraft:bamboo":1,"irons_spellbooks:inscription_table":3,"minecraft:white_wool":11,"minecraft:cake":1,"minecraft:smithing_table":2,"minecraft:birch_stairs":1,"minecraft:redstone_block":8,"unusualprehistory:deepslate_plant_fossil":4,"minecraft:comparator":1,"minecraft:soul_sand":1,"minecraft:potted_lily_of_the_valley":1,"minecraft:brown_carpet":1,"call_of_yucutan:mossy_ritual_rock_tiles":6,"minecraft:cornflower":1,"minecraft:tall_grass":59,"minecraft:copper_ore":8,"farmersdelight:wild_tomatoes":10,"minecraft:cracked_deepslate_bricks":7,"minecraft:diorite":1,"minecraft:purple_bed":1,"minecraft:red_terracotta":1,"minecraft:coarse_dirt":8,"graveyard:vase_block":1,"minecraft:sunflower":4,"minecraft:gravel":28,"minecraft:dripstone_block":1,"minecraft:cobweb":34,"minecraft:acacia_planks":4,"minecraft:stone_bricks":29,"minecraft:chipped_anvil":1,"minecraft:fern":6,"minecraft:large_amethyst_bud":2,"minecraft:spruce_planks":7,"minecraft:attached_melon_stem":4,"farmersdelight:rich_soil":15,"minecraft:cobblestone_stairs":1,"minecraft:sculk_vein":8,"minecraft:brewing_stand":3,"minecraft:cave_vines_plant":4,"minecraft:budding_amethyst":3,"unusualprehistory:deepslate_opal_ore":6,"minecraft:grass_block":130,"unusualprehistory:deepslate_fossil":5,"unusualprehistory:plant_fossil":3,"gobber2:gobber2_lucky_block":28,"iceandfire:lectern":6,"call_of_yucutan:jade_stairs":3,"minecraft:soul_soil":1,"minecraft:composter":8,"minecraft:sculk_catalyst":4,"minecraft:iron_ore":41,"graveyard:leaning_wither_skeleton":1,"minecraft:azure_bluet":3,"minecraft:dark_oak_stairs":1,"minecraft:pointed_dripstone":1,"minecraft:flowering_azalea_leaves":1,"minecraft:iron_bars":12,"call_of_yucutan:polished_jade_block":16,"minecraft:waxed_cut_copper_stairs":1,"minecraft:deepslate_redstone_ore":4,"minecraft:blackstone":34,"minecraft:melon_stem":3,"graveyard:spruce_coffin":4,"minecraft:clay":21,"minecraft:light_gray_terracotta":7,"minecraft:calcite":185,"iceandfire:ghost_chest":1,"minecraft:chest":14,"iceandfire:fire_lily":1,"minecraft:nether_quartz_ore":164,"minecraft:cobblestone":19,"minecraft:oak_planks":4,"call_of_yucutan:mystic_vine_block":6,"minecraft:wall_torch":66,"minecraft:seagrass":1,"biome_backlog:coconut":5,"minecraft:warped_nylium":3,"call_of_yucutan:deepslate_jade_ore":3,"minecraft:dark_oak_slab":1,"minecraft:birch_log":22,"minecraft:blue_ice":2,"call_of_yucutan:red_limestone":3,"unusualprehistory:stone_fossil":27,"born_in_chaos_v1:river_mint":1,"graveyard:skull_pile":2,"call_of_yucutan:ritual_rocks":61,"minecraft:cracked_deepslate_tiles":4,"minecraft:oak_log":17,"minecraft:sand":128,"minecraft:dirt":178,"call_of_yucutan:ritual_rock_tiles":4,"minecraft:tripwire_hook":1,"minecraft:ancient_debris":23,"minecraft:netherrack":1140,"unusualprehistory:splattered_tar":2,"minecraft:oak_leaves":20,"minecraft:tuff":12,"minecraft:deepslate_diamond_ore":46,"born_in_chaos_v1:infected_diamond_ore":6,"minecraft:decorated_pot":10,"farmersdelight:tomatoes":5,"ecologics:coconut_log":6,"minecraft:spruce_leaves":5,"minecraft:rooted_dirt":61,"minecraft:hay_block":98,"minecraft:furnace":6,"minecraft:raw_gold_block":6,"minecraft:black_glazed_terracotta":6,"minecraft:nether_sprouts":1,"minecraft:bookshelf":43,"minecraft:deepslate_iron_ore":11,"minecraft:lantern":4,"crittersandcompanions:silk_cocoon":3,"minecraft:stripped_jungle_log":1,"domesticationinnovation:pet_bed_red":1,"minecraft:stone":511,"iceandfire:pixie_jar_empty":10,"call_of_yucutan:ancient_gold":2,"minecraft:acacia_leaves":3,"minecraft:scaffolding":19,"unusualprehistory:stone_opal_ore":1,"minecraft:crafting_table":21,"minecraft:oak_wood":9,"minecraft:andesite_slab":1,"minecraft:sculk_sensor":13,"minecraft:lectern":94,"minecraft:deepslate_coal_ore":13,"minecraft:quartz_bricks":6,"born_in_chaos_v1:chipped_black_argillite_brick":1,"minecraft:lapis_ore":7,"minecraft:sculk":23,"minecraft:birch_planks":14,"minecraft:sweet_berry_bush":1,"unusualprehistory:tar":44,"gobber2:gobber2_lucky_block_deepslate":26,"minecraft:yellow_bed":6,"minecraft:coal_ore":48,"minecraft:cocoa":2,"call_of_yucutan:ritual_rock_pillar":2,"minecraft:flower_pot":1,"minecraft:yellow_concrete":1,"minecraft:cracked_stone_bricks":12,"minecraft:mossy_stone_bricks":2}},"DataVersion":3465}