{"stats":{"minecraft:dropped":{"minecraft:moss_block":4,"minecraft:cobblestone":4,"minecraft:dirt":5,"born_in_chaos_v1:black_argillite":1,"minecraft:moss_carpet":4,"minecraft:stone_sword":1,"artifacts:helium_flamingo":1,"minecraft:wooden_pickaxe":1},"minecraft:mined":{"minecraft:white_bed":1,"iceandfire:silver_ore":7,"minecraft:deepslate_diamond_ore":6,"minecraft:cherry_log":1,"alexsmobs:leafcutter_anthill":1,"minecraft:jungle_leaves":1,"minecraft:dark_oak_log":5,"unusualprehistory:stone_amber_ore":2,"born_in_chaos_v1:infected_diamond_ore":6,"ecologics:surface_moss":1,"minecraft:cave_vines_plant":3,"minecraft:grass_block":10,"unusualprehistory:deepslate_opal_ore":3,"born_in_chaos_v1:black_argillite":1,"unusualprehistory:deepslate_fossil":3,"gobber2:gobber2_lucky_block":11,"minecraft:jungle_log":2,"iceandfire:deepslate_silver_ore":2,"alexsmobs:leafcutter_ant_chamber":21,"minecraft:moss_block":13,"minecraft:rooted_dirt":13,"minecraft:furnace":2,"minecraft:iron_ore":31,"minecraft:moss_carpet":1,"minecraft:deepslate_lapis_ore":1,"minecraft:flowering_azalea_leaves":1,"minecraft:deepslate_iron_ore":11,"minecraft:vine":1,"crittersandcompanions:silk_cocoon":2,"minecraft:bamboo":1,"minecraft:stone":84,"minecraft:white_wool":1,"minecraft:smithing_table":1,"unusualprehistory:deepslate_plant_fossil":4,"unusualprehistory:stone_opal_ore":1,"minecraft:crafting_table":8,"minecraft:clay":18,"minecraft:blast_furnace":1,"minecraft:tall_grass":9,"minecraft:copper_ore":6,"minecraft:cobblestone":2,"minecraft:deepslate_coal_ore":1,"farmersdelight:wild_tomatoes":3,"minecraft:lapis_ore":7,"minecraft:wall_torch":7,"call_of_yucutan:red_limestone":3,"unusualprehistory:stone_fossil":13,"gobber2:gobber2_lucky_block_deepslate":14,"minecraft:grass":12,"minecraft:coal_ore":43,"minecraft:cocoa":2,"minecraft:gravel":4,"minecraft:oak_leaves":13,"minecraft:fern":4,"minecraft:deepslate":13},"minecraft:killed_by":{"minecraft:spider":2,"alexsmobs:leafcutter_ant":1,"born_in_chaos_v1:zombie_bruiser":1,"born_in_chaos_v1:decrepit_skeleton":1,"minecraft:skeleton":6,"caneswonderfulspidersoverhaul:cobbleshell_spider":3,"minecraft:zombie":5,"alexsmobs:komodo_dragon":1},"minecraft:killed":{"born_in_chaos_v1:zombie_lumberjack":2,"born_in_chaos_v1:zombie_bruiser":2,"born_in_chaos_v1:maggot":10,"minecraft:skeleton":2,"alexsmobs:leafcutter_ant":10,"creeperoverhaul:cave_creeper":2,"minecraft:pig":4,"born_in_chaos_v1:diamond_termite":16,"born_in_chaos_v1:decrepit_skeleton":2,"minecraft:sheep":10,"minecraft:zombie":12,"born_in_chaos_v1:corpse_fly":2,"born_in_chaos_v1:door_knight":2,"minecraft:player":1},"minecraft:crafted":{"minecraft:cherry_planks":4,"minecraft:wooden_sword":1,"minecraft:oak_planks":4,"minecraft:stone_shovel":1,"minecraft:furnace":1,"minecraft:cooked_mutton":1,"minecraft:stone_pickaxe":1,"minecraft:dark_oak_planks":20,"minecraft:cooked_porkchop":2,"minecraft:crafting_table":2,"minecraft:wooden_pickaxe":1,"minecraft:copper_ingot":2,"minecraft:mangrove_planks":8,"minecraft:stone_axe":1,"minecraft:air":0,"minecraft:jungle_planks":8,"minecraft:diamond_pickaxe":1,"minecraft:shield":1,"minecraft:stick":31,"minecraft:iron_pickaxe":1,"minecraft:iron_ingot":4,"minecraft:stone_sword":1,"minecraft:white_bed":1,"minecraft:torch":48},"minecraft:custom":{"minecraft:interact_with_smithing_table":1,"minecraft:mob_kills":39,"minecraft:interact_with_crafting_table":19,"minecraft:open_barrel":10,"minecraft:damage_dealt_resisted":887,"minecraft:leave_game":2,"minecraft:time_since_death":173,"minecraft:climb_one_cm":3674,"minecraft:sprint_one_cm":113889,"minecraft:walk_one_cm":256273,"minecraft:damage_blocked_by_shield":60,"minecraft:drop":12,"minecraft:play_time":79738,"minecraft:deaths":20,"minecraft:sneak_time":5382,"minecraft:jump":1371,"minecraft:interact_with_blast_furnace":1,"minecraft:walk_on_water_one_cm":835,"minecraft:total_world_time":79738,"minecraft:interact_with_furnace":13,"minecraft:interact_with_cartography_table":1,"minecraft:sleep_in_bed":1,"minecraft:time_since_rest":205,"minecraft:damage_taken":5850,"minecraft:damage_dealt":6667,"minecraft:fly_one_cm":130656,"minecraft:player_kills":1,"minecraft:open_chest":6,"minecraft:crouch_one_cm":6764,"minecraft:interact_with_smoker":1,"minecraft:fall_one_cm":39973},"minecraft:broken":{"minecraft:stone_pickaxe":1,"minecraft:stone_axe":1},"minecraft:used":{"minecraft:azalea":1,"minecraft:moss_block":2,"minecraft:moss_carpet":1,"minecraft:stone_sword":88,"minecraft:stone_shovel":41,"gobber2:gobber2_gooey_bread":3,"minecraft:shield":2,"minecraft:torch":55,"minecraft:mutton":8,"minecraft:dirt":5,"minecraft:rooted_dirt":2,"minecraft:oak_sapling":1,"minecraft:furnace":2,"minecraft:cobbled_deepslate":1,"minecraft:golden_axe":1,"minecraft:stone_pickaxe":121,"minecraft:wooden_pickaxe":18,"minecraft:white_wool":2,"minecraft:crafting_table":10,"minecraft:white_bed":1,"minecraft:diamond_pickaxe":46,"gobber2:gobber2_gooey_beefstew":1,"minecraft:iron_pickaxe":135,"minecraft:gravel":2,"minecraft:stone_axe":71,"minecraft:cobblestone":29,"minecraft:porkchop":1,"minecraft:cooked_porkchop":1,"alexsmobs:animal_dictionary":1},"minecraft:picked_up":{"minecraft:cocoa_beans":6,"born_in_chaos_v1:diamond_termite_shard":8,"minecraft:crafting_table":8,"unusualprehistory:amber_shard":2,"minecraft:clay_ball":52,"minecraft:smithing_table":1,"born_in_chaos_v1:black_argillite":1,"unusualprehistory:opal_chunk":3,"minecraft:moss_carpet":6,"minecraft:raw_copper":46,"unusualprehistory:paleo_fossil":3,"minecraft:cobbled_deepslate":1,"unusualprehistory:plant_fossil_item":4,"minecraft:azalea":1,"minecraft:iron_nugget":3,"minecraft:mangrove_log":2,"alexsmobs:leafcutter_ant_chamber":20,"minecraft:furnace":2,"minecraft:raw_iron":43,"minecraft:stone":2,"minecraft:copper_ingot":3,"minecraft:torch":9,"call_of_yucutan:red_limestone":3,"minecraft:porkchop":3,"farmersdelight:tomato_seeds":3,"minecraft:cherry_log":1,"alexsmobs:leafcutter_ant_pupa":2,"gobber2:gobber2_foo":2,"minecraft:stone_sword":1,"minecraft:rotten_flesh":14,"crittersandcompanions:silk":8,"unusualprehistory:opal_fossil":1,"sophisticatedbackpacks:copper_backpack":1,"minecraft:glow_berries":5,"minecraft:mutton":9,"minecraft:white_wool":6,"minecraft:cobblestone":90,"born_in_chaos_v1:corpse_maggot":7,"minecraft:jungle_log":2,"gobber2:gobber2_gooey_beefstew":1,"minecraft:flint":1,"minecraft:oak_log":1,"minecraft:lapis_lazuli":54,"minecraft:dirt":10,"minecraft:bone":4,"gobber2:gobber2_gooey_beef":3,"minecraft:iron_ingot":3,"minecraft:bamboo":8,"minecraft:moss_block":6,"gobber2:gobber2_gooey_bread":7,"minecraft:gravel":2,"minecraft:blast_furnace":1,"minecraft:white_bed":1,"minecraft:dark_oak_log":5,"minecraft:spider_eye":5,"artifacts:helium_flamingo":1,"minecraft:diamond":6,"minecraft:rooted_dirt":13,"minecraft:oak_sapling":1,"unusualprehistory:mezo_fossil":13,"minecraft:coal":44,"gobber2:gobber2_goo":11,"iceandfire:raw_silver":9}},"DataVersion":3465}