{"stats":{"minecraft:dropped":{"minecraft:bread":12,"iceandfire:raw_silver":4,"minecraft:wheat_seeds":291,"minecraft:oak_log":5,"minecraft:feather":1,"minecraft:cookie":2,"minecraft:cobblestone":9,"minecraft:item_frame":1,"minecraft:stick":7,"minecraft:cobweb":4,"born_in_chaos_v1:monster_flesh":2,"minecraft:torch":6,"minecraft:iron_axe":3,"minecraft:iron_pickaxe":1,"minecraft:string":2,"minecraft:smooth_basalt":6,"minecraft:gravel":3,"minecraft:blackstone":11,"minecraft:wheat":11,"farmersdelight:cabbage_seeds":1,"minecraft:rotten_flesh":26,"alexsmobs:emu_egg":1,"minecraft:blast_furnace":1,"minecraft:diamond_sword":1,"minecraft:wooden_pickaxe":2,"minecraft:stone_pickaxe":1},"minecraft:mined":{"minecraft:tuff":1,"graveyard:tg_coarse_dirt":2,"iceandfire:silver_ore":2,"minecraft:deepslate_diamond_ore":11,"iceandfire:copper_pile":18,"unusualprehistory:deepslate_opal_ore":7,"minecraft:acacia_log":22,"minecraft:grass_block":9,"unusualprehistory:deepslate_fossil":27,"iceandfire:lectern":8,"minecraft:acacia_slab":5,"minecraft:composter":4,"minecraft:spawner":1,"minecraft:hay_block":14,"minecraft:magma_block":7,"minecraft:furnace":2,"minecraft:iron_ore":18,"minecraft:cobbled_deepslate":1,"minecraft:acacia_wood":12,"minecraft:bookshelf":8,"minecraft:deepslate_iron_ore":28,"minecraft:rail":1,"minecraft:iron_bars":1,"minecraft:lantern":4,"minecraft:stripped_acacia_log":2,"minecraft:stone":491,"iceandfire:pixie_jar_empty":1,"minecraft:smithing_table":1,"minecraft:deepslate_redstone_ore":7,"minecraft:scaffolding":1,"unusualprehistory:deepslate_plant_fossil":3,"minecraft:blackstone":160,"minecraft:blue_stained_glass":14,"born_in_chaos_v1:infected_deepslate_diamond_ore":2,"minecraft:crafting_table":3,"minecraft:torch":12,"graveyard:tg_rooted_dirt":1,"minecraft:honey_block":15,"minecraft:blast_furnace":2,"minecraft:lectern":51,"minecraft:cobblestone":10,"farmersdelight:cabbages":107,"minecraft:copper_ore":7,"minecraft:tall_grass":13,"minecraft:deepslate_gold_ore":12,"minecraft:oak_planks":5,"minecraft:wall_torch":3,"minecraft:wheat":496,"minecraft:white_carpet":1,"gobber2:gobber2_lucky_block_deepslate":7,"unusualprehistory:petrified_bush":2,"minecraft:grass":11,"minecraft:coal_ore":56,"minecraft:oak_log":5,"minecraft:gravel":10,"minecraft:dirt":36,"minecraft:cobweb":31,"minecraft:smooth_basalt":9,"minecraft:acacia_planks":2,"minecraft:stripped_acacia_wood":1,"minecraft:deepslate":86,"minecraft:fern":1},"minecraft:killed_by":{"born_in_chaos_v1:nightmare_stalker":2,"minecraft:spider":1,"mowziesmobs:ferrous_wroughtnaut":1,"creeperoverhaul:cave_creeper":1},"minecraft:crafted":{"minecraft:cookie":54,"minecraft:oak_planks":20,"minecraft:furnace":8,"minecraft:bone_meal":12,"minecraft:bookshelf":7,"minecraft:iron_boots":1,"minecraft:stone_pickaxe":4,"minecraft:chest":2,"sophisticatedbackpacks:iron_backpack":1,"minecraft:wheat":126,"minecraft:diamond_sword":1,"sophisticatedbackpacks:backpack":1,"minecraft:emerald":32,"minecraft:crafting_table":4,"minecraft:acacia_slab":24,"minecraft:iron_helmet":1,"minecraft:wooden_pickaxe":2,"minecraft:copper_ingot":16,"minecraft:stone_axe":3,"minecraft:enchanted_book":2,"minecraft:bread":27,"minecraft:air":0,"minecraft:lectern":4,"minecraft:iron_chestplate":1,"minecraft:diamond_pickaxe":1,"minecraft:stick":52,"minecraft:iron_ingot":39,"minecraft:iron_pickaxe":1,"minecraft:iron_leggings":1,"minecraft:acacia_planks":140,"minecraft:torch":112},"minecraft:killed":{"born_in_chaos_v1:zombie_clown":2,"minecraft:cave_spider":4,"born_in_chaos_v1:restless_spirit":2,"born_in_chaos_v1:zombie_bruiser":2,"born_in_chaos_v1:maggot":4,"born_in_chaos_v1:diamond_termite":8,"born_in_chaos_v1:baby_skeleton":4,"born_in_chaos_v1:decrepit_skeleton":4,"minecraft:zombie":2,"born_in_chaos_v1:dread_hound":4,"born_in_chaos_v1:dark_vortex":2},"minecraft:custom":{"minecraft:interact_with_smithing_table":1,"minecraft:mob_kills":19,"minecraft:animals_bred":5,"minecraft:interact_with_crafting_table":47,"minecraft:open_barrel":2,"minecraft:time_since_death":49701,"minecraft:leave_game":6,"minecraft:climb_one_cm":1214,"minecraft:sprint_one_cm":281486,"minecraft:walk_one_cm":941342,"minecraft:drop":102,"minecraft:talked_to_villager":27,"minecraft:play_time":280722,"minecraft:deaths":5,"minecraft:sneak_time":7953,"minecraft:walk_under_water_one_cm":198,"minecraft:jump":2455,"minecraft:interact_with_blast_furnace":7,"minecraft:walk_on_water_one_cm":2848,"minecraft:total_world_time":280722,"minecraft:interact_with_furnace":11,"minecraft:traded_with_villager":37,"minecraft:sleep_in_bed":8,"minecraft:time_since_rest":49737,"minecraft:damage_taken":2141,"minecraft:damage_dealt":3471,"minecraft:fly_one_cm":289445,"minecraft:open_chest":53,"minecraft:crouch_one_cm":18928,"minecraft:fall_one_cm":50130,"minecraft:horse_one_cm":5870},"minecraft:broken":{"minecraft:wooden_pickaxe":1,"minecraft:stone_pickaxe":3,"minecraft:stone_axe":1,"minecraft:iron_pickaxe":1,"minecraft:golden_pickaxe":1},"minecraft:used":{"alexsmobs:emu_egg":1,"iceandfire:lectern":7,"minecraft:iron_bars":1,"farmersdelight:cabbage_seeds":197,"minecraft:chest":1,"minecraft:rotten_flesh":2,"minecraft:iron_chestplate":1,"minecraft:torch":118,"minecraft:dirt":19,"minecraft:carrot":8,"artifacts:onion_ring":1,"minecraft:tuff":1,"minecraft:lantern":4,"minecraft:iron_axe":25,"minecraft:acacia_slab":5,"minecraft:iron_helmet":1,"farmersdelight:rotten_tomato":1,"minecraft:iron_boots":1,"born_in_chaos_v1:gnawed_bones":1,"minecraft:smooth_basalt":4,"minecraft:scaffolding":1,"minecraft:oak_sapling":7,"minecraft:furnace":2,"minecraft:acacia_planks":4,"minecraft:iron_leggings":2,"minecraft:wheat_seeds":649,"minecraft:stone_pickaxe":518,"minecraft:oak_planks":6,"minecraft:blackstone":6,"minecraft:wooden_pickaxe":64,"minecraft:composter":4,"minecraft:leather_boots":1,"minecraft:cookie":2,"minecraft:rail":1,"minecraft:crafting_table":6,"minecraft:blast_furnace":1,"minecraft:diamond_pickaxe":106,"minecraft:bread":24,"minecraft:iron_pickaxe":249,"minecraft:lectern":55,"minecraft:gravel":7,"minecraft:soul_lantern":2,"minecraft:stone_axe":144,"minecraft:diamond_sword":58,"minecraft:cobblestone":47,"minecraft:golden_pickaxe":32,"minecraft:cobweb":4,"minecraft:bone_meal":22,"minecraft:experience_bottle":1},"minecraft:picked_up":{"born_in_chaos_v1:diamond_termite_shard":4,"minecraft:crafting_table":3,"minecraft:coarse_dirt":1,"minecraft:wheat":499,"minecraft:smithing_table":1,"minecraft:diamond_sword":2,"minecraft:wooden_pickaxe":1,"minecraft:string":35,"minecraft:iron_axe":3,"iceandfire:manuscript":2,"unusualprehistory:opal_chunk":4,"minecraft:raw_copper":25,"born_in_chaos_v1:intoxicating_decoction":2,"minecraft:white_carpet":1,"minecraft:item_frame":1,"minecraft:experience_bottle":1,"minecraft:blackstone":90,"iceandfire:bestiary":2,"minecraft:cobbled_deepslate":66,"unusualprehistory:paleo_fossil":27,"farmersdelight:cabbage":102,"born_in_chaos_v1:gnawed_bones":1,"unusualprehistory:plant_fossil_item":5,"minecraft:iron_pickaxe":1,"minecraft:lectern":51,"farmersdelight:cabbage_seeds":286,"minecraft:furnace":2,"minecraft:stick":8,"minecraft:raw_iron":46,"farmersdelight:rotten_tomato":1,"minecraft:composter":4,"minecraft:torch":25,"minecraft:acacia_log":20,"minecraft:cookie":2,"born_in_chaos_v1:pieceofdarkmetal":2,"minecraft:redstone":27,"gobber2:gobber2_foo":1,"minecraft:rotten_flesh":38,"minecraft:hay_block":14,"unusualprehistory:opal_fossil":1,"alexsmobs:emu_egg":2,"minecraft:rail":1,"minecraft:mutton":14,"minecraft:iron_bars":1,"minecraft:white_wool":7,"minecraft:cobblestone":486,"minecraft:magma_block":7,"minecraft:feather":1,"born_in_chaos_v1:monster_flesh":2,"gobber2:gobber2_gooey_beefstew":1,"alexsmobs:acacia_blossom":4,"minecraft:acacia_wood":12,"minecraft:flint":1,"minecraft:tuff":1,"minecraft:oak_log":10,"farmersdelight:tomato":2,"minecraft:dirt":41,"minecraft:lantern":4,"minecraft:bone":7,"minecraft:apple":3,"minecraft:acacia_planks":57,"born_in_chaos_v1:intoxicating_dagger":1,"iceandfire:pixie_jar_empty":1,"minecraft:wheat_seeds":874,"minecraft:raw_gold":12,"minecraft:iron_ingot":7,"minecraft:stone_pickaxe":1,"minecraft:cobweb":4,"minecraft:oak_planks":5,"minecraft:acacia_sapling":4,"gobber2:gobber2_gooey_bread":3,"minecraft:book":24,"minecraft:scaffolding":1,"iceandfire:copper_nugget":150,"minecraft:smooth_basalt":10,"born_in_chaos_v1:ethereal_spirit":2,"minecraft:stripped_acacia_wood":1,"minecraft:gravel":10,"born_in_chaos_v1:dark_rod":1,"minecraft:blast_furnace":3,"minecraft:spider_eye":1,"minecraft:stripped_acacia_log":2,"minecraft:diamond":11,"iceandfire:lectern":8,"minecraft:soul_lantern":2,"minecraft:honey_block":15,"minecraft:bone_meal":10,"minecraft:bread":12,"minecraft:rooted_dirt":1,"gobber2:gobber2_goo":2,"minecraft:oak_sapling":7,"minecraft:acacia_slab":5,"minecraft:melon_seeds":1,"minecraft:coal":122,"iceandfire:raw_silver":6}},"DataVersion":3465}