{"stats":{"minecraft:dropped":{"sophisticatedbackpacks:iron_backpack":1,"minecraft:iron_sword":1,"minecraft:moss_block":4,"minecraft:candle":12,"minecraft:weeping_vines":6,"minecraft:dark_oak_slab":1,"minecraft:lantern":2,"minecraft:rooted_dirt":33,"minecraft:item_frame":4,"minecraft:cobblestone_stairs":2,"minecraft:dirt":44,"minecraft:dark_oak_fence":1,"minecraft:cornflower":1,"minecraft:cracked_deepslate_tiles":3,"alexsmobs:emu_feather":4,"minecraft:bone_meal":8,"minecraft:phantom_membrane":1,"call_of_yucutan:red_limestone":3,"minecraft:stone_axe":1,"minecraft:blackstone":9,"minecraft:wheat":2,"minecraft:oak_planks":1,"minecraft:white_candle":2,"iceandfire:fire_lily":1,"minecraft:salmon":1,"minecraft:deepslate_tiles":8,"artifacts:helium_flamingo":1,"minecraft:melon_seeds":8,"born_in_chaos_v1:corpse_maggot":3,"minecraft:chainmail_boots":1,"minecraft:iron_bars":3,"minecraft:beef":1,"minecraft:stone_brick_stairs":2,"minecraft:bread":1,"minecraft:egg":1,"iceandfire:manuscript":1,"minecraft:wheat_seeds":1471,"minecraft:feather":3,"minecraft:cobblestone":78,"minecraft:cobweb":109,"minecraft:deepslate_brick_stairs":9,"born_in_chaos_v1:black_argillite":1,"minecraft:brewing_stand":1,"iceandfire:copper_nugget":1,"minecraft:torch":1,"minecraft:iron_leggings":1,"minecraft:iron_axe":1,"farmersdelight:rotten_tomato":1,"minecraft:moss_carpet":4,"minecraft:coarse_dirt":22,"minecraft:stone_sword":1,"minecraft:stone_shovel":1,"minecraft:raw_iron":8,"minecraft:chicken":1,"minecraft:polished_deepslate_slab":14,"minecraft:deepslate_bricks":11,"minecraft:stone":2,"minecraft:shield":1,"minecraft:allium":7,"iceandfire:rotten_egg":2,"minecraft:oak_sapling":3,"minecraft:stone_bricks":3,"minecraft:brown_carpet":8,"minecraft:wooden_pickaxe":2,"minecraft:raw_gold":6,"minecraft:cracked_deepslate_bricks":1},"minecraft:mined":{"minecraft:large_amethyst_bud":2,"minecraft:spruce_planks":3,"minecraft:attached_melon_stem":4,"minecraft:white_bed":4,"farmersdelight:rich_soil":15,"iceandfire:copper_pile":60,"minecraft:cherry_log":1,"minecraft:sculk_vein":2,"minecraft:cobblestone_stairs":1,"alexsmobs:leafcutter_anthill":1,"minecraft:jungle_leaves":1,"unusualprehistory:stone_amber_ore":2,"minecraft:brewing_stand":3,"ecologics:surface_moss":1,"minecraft:cave_vines_plant":3,"minecraft:granite":2,"minecraft:budding_amethyst":3,"unusualprehistory:deepslate_opal_ore":3,"minecraft:acacia_log":2,"minecraft:grass_block":43,"born_in_chaos_v1:dark_metal_deposit":1,"unusualprehistory:deepslate_fossil":3,"gobber2:gobber2_lucky_block":26,"unusualprehistory:plant_fossil":3,"minecraft:jungle_log":24,"iceandfire:lectern":6,"minecraft:deepslate_bricks":15,"minecraft:composter":7,"minecraft:spawner":22,"minecraft:sculk_catalyst":1,"minecraft:iron_ore":31,"minecraft:cyan_wall_banner":1,"graveyard:leaning_wither_skeleton":1,"minecraft:moss_carpet":1,"minecraft:deepslate_lapis_ore":1,"minecraft:azure_bluet":3,"minecraft:polished_deepslate_slab":11,"minecraft:flowering_azalea_leaves":1,"minecraft:iron_bars":10,"minecraft:deepslate_brick_stairs":10,"unusualprehistory:stone_tar_fossil":10,"minecraft:player_head":1,"minecraft:blackstone":9,"minecraft:melon_stem":3,"graveyard:spruce_coffin":4,"iceandfire:podium_acacia":3,"unusualprehistory:analyzer":1,"minecraft:clay":18,"minecraft:torch":3,"minecraft:blast_furnace":2,"minecraft:calcite":5,"minecraft:chest":14,"iceandfire:fire_lily":1,"farmersdelight:cabbages":3,"minecraft:glass":1,"minecraft:cobblestone":14,"minecraft:white_candle":1,"minecraft:oak_planks":1,"minecraft:wall_torch":9,"minecraft:amethyst_block":5,"minecraft:dark_oak_slab":1,"minecraft:mud":3,"minecraft:wheat":735,"call_of_yucutan:red_limestone":3,"unusualprehistory:stone_fossil":13,"minecraft:jukebox":1,"born_in_chaos_v1:river_mint":1,"graveyard:skull_pile":2,"minecraft:grass":70,"minecraft:cracked_deepslate_tiles":3,"minecraft:oak_log":7,"minecraft:sand":27,"minecraft:dirt":21,"minecraft:smooth_basalt":2,"unusualprehistory:splattered_tar":2,"minecraft:oak_leaves":19,"minecraft:deepslate":22,"minecraft:deepslate_tiles":6,"minecraft:purple_glazed_terracotta":176,"iceandfire:silver_ore":8,"minecraft:deepslate_diamond_ore":6,"farmersdelight:wild_carrots":8,"minecraft:dark_oak_log":5,"born_in_chaos_v1:infected_diamond_ore":6,"minecraft:dark_oak_fence":1,"minecraft:cobbled_deepslate_slab":1,"minecraft:allium":1,"born_in_chaos_v1:black_argillite":1,"iceandfire:deepslate_silver_ore":6,"alexsmobs:leafcutter_ant_chamber":21,"farmersdelight:tomatoes":5,"minecraft:moss_block":13,"minecraft:rooted_dirt":60,"minecraft:hay_block":98,"farmersdelight:wild_onions":4,"minecraft:furnace":6,"minecraft:black_glazed_terracotta":4,"minecraft:acacia_wood":1,"minecraft:bookshelf":12,"graveyard:sarcophagus":4,"minecraft:deepslate_iron_ore":11,"minecraft:vine":3,"crittersandcompanions:silk_cocoon":2,"domesticationinnovation:pet_bed_red":1,"minecraft:bamboo":1,"minecraft:stone":200,"minecraft:white_wool":11,"minecraft:cake":1,"iceandfire:pixie_jar_empty":10,"minecraft:smithing_table":1,"minecraft:acacia_leaves":2,"minecraft:scaffolding":19,"minecraft:redstone_block":2,"unusualprehistory:deepslate_plant_fossil":4,"minecraft:potted_lily_of_the_valley":1,"minecraft:brown_carpet":1,"unusualprehistory:stone_opal_ore":1,"minecraft:crafting_table":15,"minecraft:cornflower":1,"minecraft:sculk_sensor":4,"minecraft:copper_ore":6,"minecraft:tall_grass":46,"minecraft:deepslate_coal_ore":1,"born_in_chaos_v1:chipped_black_argillite_brick":1,"farmersdelight:wild_tomatoes":5,"minecraft:lapis_ore":7,"minecraft:cracked_deepslate_bricks":7,"minecraft:sculk":15,"minecraft:diorite":1,"minecraft:red_terracotta":1,"minecraft:coarse_dirt":8,"graveyard:vase_block":1,"unusualprehistory:tar":7,"minecraft:yellow_bed":5,"gobber2:gobber2_lucky_block_deepslate":16,"minecraft:coal_ore":45,"minecraft:cocoa":2,"minecraft:gravel":6,"minecraft:yellow_concrete":1,"minecraft:cobweb":22,"minecraft:cracked_stone_bricks":10,"minecraft:acacia_planks":1,"minecraft:stone_bricks":28,"minecraft:fern":6},"minecraft:killed_by":{"born_in_chaos_v1:nightmare_stalker":5,"alexsmobs:leafcutter_ant":1,"born_in_chaos_v1:zombie_bruiser":1,"unusualprehistory:sludge":1,"born_in_chaos_v1:siamese_skeletons":1,"minecraft:zombie":6,"alexsmobs:komodo_dragon":9,"graveyard:wraith":1,"iceandfire:fire_dragon":1,"minecraft:spider":2,"minecraft:warden":3,"born_in_chaos_v1:decrepit_skeleton":1,"irons_spellbooks:necromancer":2,"minecraft:skeleton":6,"caneswonderfulspidersoverhaul:cobbleshell_spider":3,"graveyard:corrupted_vindicator":4},"minecraft:killed":{"born_in_chaos_v1:zombie_lumberjack":2,"born_in_chaos_v1:restless_spirit":6,"minecraft:spider":26,"graveyard:wraith":20,"minecraft:skeleton":6,"graveyard:acolyte":4,"alexsmobs:leafcutter_ant":10,"creeperoverhaul:cave_creeper":2,"irons_spellbooks:summoned_skeleton":4,"born_in_chaos_v1:firelight_not_despawn":2,"minecraft:pig":4,"alexsmobs:grizzly_bear":4,"born_in_chaos_v1:diamond_termite":16,"irons_spellbooks:necromancer":2,"minecraft:sheep":24,"minecraft:trader_llama":4,"minecraft:pillager":2,"minecraft:zombie":36,"born_in_chaos_v1:dread_hound":2,"born_in_chaos_v1:corpse_fly":16,"born_in_chaos_v1:door_knight":4,"graveyard:corrupted_pillager":6,"minecraft:cow":10,"irons_spellbooks:summoned_zombie":4,"graveyard:corrupted_vindicator":74,"born_in_chaos_v1:zombie_bruiser":4,"born_in_chaos_v1:maggot":24,"minecraft:horse":2,"born_in_chaos_v1:swarmer":2,"born_in_chaos_v1:decrepit_skeleton":8,"alexsmobs:emu":4,"born_in_chaos_v1:bloody_gadfly":2,"alexsmobs:gazelle":2,"unusualprehistory:sludge":2,"born_in_chaos_v1:dark_vortex":2,"born_in_chaos_v1:nightmare_stalker":4,"minecraft:player":1},"minecraft:crafted":{"minecraft:oak_planks":28,"unusualprehistory:flask":3,"minecraft:cooked_mutton":1,"minecraft:glass":6,"minecraft:iron_boots":1,"minecraft:bow":1,"minecraft:chest":1,"sophisticatedbackpacks:backpack":2,"minecraft:cooked_porkchop":2,"minecraft:crafting_table":5,"minecraft:wooden_pickaxe":1,"unusualprehistory:analyzer":2,"minecraft:copper_ingot":40,"minecraft:hay_block":23,"minecraft:iron_chestplate":1,"minecraft:diamond_pickaxe":1,"minecraft:shield":2,"minecraft:stick":95,"minecraft:iron_ingot":25,"minecraft:iron_pickaxe":1,"minecraft:stone_sword":1,"minecraft:gold_ingot":35,"minecraft:shears":1,"minecraft:cherry_planks":4,"minecraft:wooden_sword":1,"minecraft:stone_shovel":1,"minecraft:furnace":3,"minecraft:iron_axe":1,"minecraft:iron_hoe":1,"minecraft:stone_pickaxe":1,"minecraft:dark_oak_planks":20,"sophisticatedbackpacks:iron_backpack":2,"minecraft:wheat":9,"minecraft:diamond_sword":1,"iceandfire:silver_ingot":10,"minecraft:iron_sword":1,"sophisticatedbackpacks:gold_backpack":2,"minecraft:mangrove_planks":8,"minecraft:stone_axe":1,"minecraft:jungle_planks":20,"minecraft:bread":58,"minecraft:air":0,"minecraft:iron_leggings":1,"minecraft:white_bed":2,"minecraft:acacia_planks":8,"minecraft:torch":156},"minecraft:custom":{"minecraft:animals_bred":2,"minecraft:interact_with_crafting_table":75,"minecraft:open_barrel":10,"minecraft:bell_ring":8,"minecraft:eat_cake_slice":7,"minecraft:leave_game":10,"minecraft:time_since_death":801,"minecraft:sprint_one_cm":945734,"minecraft:damage_blocked_by_shield":5725,"minecraft:drop":158,"minecraft:talked_to_villager":1,"minecraft:play_time":421010,"minecraft:deaths":47,"minecraft:jump":5721,"minecraft:walk_on_water_one_cm":2956,"minecraft:interact_with_furnace":32,"minecraft:interact_with_cartography_table":1,"minecraft:sleep_in_bed":16,"minecraft:damage_dealt":34233,"minecraft:player_kills":1,"minecraft:crouch_one_cm":28455,"minecraft:interact_with_smoker":2,"minecraft:horse_one_cm":5208,"minecraft:interact_with_smithing_table":1,"minecraft:mob_kills":176,"minecraft:damage_dealt_resisted":1973,"minecraft:climb_one_cm":5776,"minecraft:walk_one_cm":1340317,"minecraft:sneak_time":18778,"minecraft:walk_under_water_one_cm":1262,"minecraft:interact_with_blast_furnace":17,"minecraft:total_world_time":421010,"minecraft:time_since_rest":860,"minecraft:damage_taken":18100,"minecraft:swim_one_cm":840,"minecraft:fly_one_cm":834900,"minecraft:open_chest":139,"minecraft:fall_one_cm":136262},"minecraft:broken":{"minecraft:stone_pickaxe":1,"minecraft:stone_axe":1,"minecraft:stone_sword":1,"minecraft:shield":1,"minecraft:golden_axe":1,"minecraft:leather_boots":1,"minecraft:iron_pickaxe":1,"minecraft:iron_helmet":1},"minecraft:used":{"minecraft:moss_block":2,"minecraft:moss_carpet":1,"gobber2:gobber2_gooey_bread":9,"minecraft:iron_sword":206,"minecraft:shield":95,"minecraft:iron_chestplate":3,"minecraft:mutton":8,"minecraft:lily_of_the_valley":1,"minecraft:carrot":4,"minecraft:allium":3,"minecraft:azure_bluet":3,"minecraft:lava_bucket":7,"unusualprehistory:analyzer":1,"farmersdelight:rotten_tomato":1,"minecraft:iron_helmet":1,"minecraft:stone_bricks":77,"minecraft:item_frame":4,"minecraft:bow":15,"minecraft:oak_sapling":2,"minecraft:furnace":6,"minecraft:stone_pickaxe":121,"minecraft:wooden_pickaxe":18,"minecraft:white_wool":6,"minecraft:sand":16,"minecraft:blast_furnace":1,"minecraft:shears":8,"minecraft:deepslate_tiles":1,"gobber2:gobber2_gooey_beefstew":1,"minecraft:bread":57,"minecraft:gravel":2,"minecraft:diamond_sword":326,"minecraft:chainmail_boots":1,"minecraft:azalea":1,"minecraft:experience_bottle":1,"minecraft:cobweb":4,"minecraft:iron_bars":3,"minecraft:stone_sword":140,"minecraft:cracked_deepslate_bricks":3,"minecraft:stone_shovel":116,"farmersdelight:rich_soil":7,"minecraft:torch":261,"minecraft:brewing_stand":1,"minecraft:dirt":10,"minecraft:golden_chestplate":2,"minecraft:granite":2,"minecraft:iron_hoe":36,"minecraft:iron_axe":73,"minecraft:rooted_dirt":26,"minecraft:iron_boots":1,"minecraft:tadpole_bucket":2,"minecraft:cooked_beef":12,"minecraft:cobbled_deepslate":1,"minecraft:iron_leggings":1,"minecraft:golden_axe":38,"minecraft:wheat_seeds":181,"minecraft:cooked_mutton":1,"minecraft:water_bucket":1,"minecraft:baked_potato":9,"minecraft:leather_boots":1,"minecraft:cracked_stone_bricks":5,"farmersdelight:onion":6,"minecraft:crafting_table":20,"minecraft:white_bed":6,"minecraft:mud":3,"minecraft:diamond_pickaxe":392,"minecraft:iron_pickaxe":402,"minecraft:stone_axe":71,"minecraft:cobblestone":69,"minecraft:porkchop":1,"minecraft:white_banner":1,"minecraft:cooked_porkchop":2,"minecraft:bucket":10,"minecraft:yellow_bed":5,"alexsmobs:animal_dictionary":1,"minecraft:diamond_leggings":1},"minecraft:picked_up":{"minecraft:wheat":689,"minecraft:redstone_block":2,"minecraft:chainmail_boots":1,"unusualprehistory:amber_shard":2,"minecraft:smithing_table":1,"minecraft:lead":2,"minecraft:enchanted_book":2,"minecraft:stone_brick_stairs":4,"born_in_chaos_v1:bloody_gadfly_eye":1,"minecraft:brewing_stand":4,"minecraft:amethyst_block":9,"born_in_chaos_v1:black_argillite":1,"iceandfire:manuscript":78,"minecraft:string":31,"minecraft:raw_copper":46,"graveyard:sarcophagus":4,"minecraft:experience_bottle":1,"alexsmobs:emu_feather":8,"minecraft:deepslate_tiles":9,"alexsmobs:banana":1,"minecraft:cobbled_deepslate":1,"farmersdelight:cabbage":2,"minecraft:black_glazed_terracotta":4,"unusualprehistory:plant_fossil_item":7,"minecraft:azalea":1,"minecraft:mangrove_log":2,"alexsmobs:leafcutter_ant_chamber":20,"minecraft:furnace":6,"iceandfire:pixie_dust":2,"minecraft:stick":8,"minecraft:jukebox":1,"farmersdelight:rotten_tomato":2,"minecraft:composter":7,"minecraft:torch":30,"minecraft:acacia_log":1,"call_of_yucutan:red_limestone":3,"minecraft:porkchop":3,"iceandfire:rotten_egg":4,"minecraft:cherry_log":1,"born_in_chaos_v1:nightmare_claw":2,"minecraft:brown_carpet":8,"gobber2:gobber2_foo":5,"minecraft:stone_sword":1,"minecraft:rotten_flesh":61,"farmersdelight:onion":4,"alexsmobs:emu_egg":5,"minecraft:deepslate_brick_stairs":9,"minecraft:iron_bars":10,"minecraft:cobblestone":184,"minecraft:feather":3,"minecraft:jungle_log":24,"alexsmobs:bear_fur":3,"alexsmobs:bison_fur":2,"minecraft:flint":1,"minecraft:lapis_lazuli":55,"farmersdelight:tomato":8,"minecraft:dirt":64,"minecraft:lantern":2,"minecraft:leather_boots":1,"minecraft:glass":2,"minecraft:bone":89,"unusualprehistory:analyzer":1,"gobber2:gobber2_gooey_beef":8,"minecraft:wheat_seeds":1723,"minecraft:raw_gold":6,"minecraft:bamboo":8,"minecraft:moss_block":6,"minecraft:oak_planks":1,"gobber2:gobber2_gooey_bread":9,"iceandfire:shiny_scales":1,"minecraft:sand":26,"sophisticatedbackpacks:iron_backpack":1,"minecraft:lily_of_the_valley":1,"minecraft:dark_oak_log":5,"minecraft:white_candle":2,"born_in_chaos_v1:fire_dust":1,"minecraft:diamond":7,"iceandfire:lectern":6,"minecraft:granite":2,"minecraft:bone_meal":8,"minecraft:emerald":7,"minecraft:rooted_dirt":66,"minecraft:oak_sapling":5,"minecraft:dark_oak_fence":1,"gobber2:gobber2_goo":16,"iceandfire:raw_silver":14,"minecraft:mud":3,"minecraft:crafting_table":15,"minecraft:cocoa_beans":15,"minecraft:coarse_dirt":23,"born_in_chaos_v1:diamond_termite_shard":8,"minecraft:allium":10,"minecraft:azure_bluet":3,"minecraft:chicken":1,"born_in_chaos_v1:river_mint":1,"minecraft:clay_ball":52,"iceandfire:fire_lily":1,"graveyard:dark_iron_ingot":3,"minecraft:wooden_pickaxe":1,"minecraft:cornflower":1,"unusualprehistory:opal_chunk":6,"minecraft:moss_carpet":6,"minecraft:iron_axe":3,"minecraft:item_frame":6,"minecraft:blackstone":18,"alexsmobs:komodo_spit":1,"graveyard:corruption":17,"iceandfire:bestiary":6,"minecraft:cracked_stone_bricks":6,"minecraft:candle":12,"unusualprehistory:paleo_fossil":3,"minecraft:beef":12,"minecraft:player_head":2,"minecraft:jungle_sapling":5,"minecraft:iron_nugget":3,"minecraft:chest":14,"iceandfire:podium_acacia":3,"minecraft:phantom_membrane":1,"minecraft:egg":2,"unusualprehistory:tar_fossil_item":14,"minecraft:raw_iron":51,"iceandfire:dragonbone":1,"minecraft:polished_deepslate_slab":17,"minecraft:stone":2,"iceandfire:troll_tusk":1,"domesticationinnovation:pet_bed_red":1,"minecraft:copper_ingot":12,"farmersdelight:tomato_seeds":8,"born_in_chaos_v1:pieceofdarkmetal":1,"minecraft:carrot":8,"alexsmobs:leafcutter_ant_pupa":2,"iceandfire:silver_ingot":4,"minecraft:arrow":4,"minecraft:weeping_vines":6,"minecraft:deepslate_bricks":11,"crittersandcompanions:silk":8,"minecraft:hay_block":96,"unusualprehistory:opal_fossil":1,"minecraft:cracked_deepslate_bricks":4,"minecraft:gold_ingot":2,"sophisticatedbackpacks:copper_backpack":1,"minecraft:glow_berries":5,"minecraft:mutton":19,"minecraft:white_wool":46,"minecraft:cracked_deepslate_tiles":3,"born_in_chaos_v1:corpse_maggot":17,"farmersdelight:rich_soil":15,"minecraft:clock":1,"born_in_chaos_v1:monster_flesh":4,"minecraft:salmon":1,"minecraft:leather":8,"gobber2:gobber2_gooey_beefstew":3,"minecraft:acacia_wood":1,"graveyard:spruce_coffin":4,"minecraft:oak_log":7,"minecraft:yellow_bed":5,"minecraft:cobblestone_stairs":2,"minecraft:paper":11,"minecraft:white_banner":1,"minecraft:apple":2,"minecraft:stone_bricks":28,"iceandfire:pixie_jar_empty":10,"minecraft:iron_ingot":35,"born_in_chaos_v1:chipped_black_argillite_brick":1,"minecraft:cobweb":130,"minecraft:iron_sword":1,"minecraft:book":42,"minecraft:scaffolding":22,"iceandfire:copper_nugget":494,"minecraft:dark_oak_slab":1,"born_in_chaos_v1:ethereal_spirit":6,"minecraft:gravel":2,"born_in_chaos_v1:dark_rod":1,"minecraft:amethyst_shard":13,"minecraft:blast_furnace":2,"minecraft:white_bed":4,"minecraft:spider_eye":10,"minecraft:cyan_banner":1,"artifacts:helium_flamingo":1,"minecraft:slime_ball":5,"minecraft:purple_glazed_terracotta":176,"minecraft:stone_axe":2,"minecraft:melon_seeds":12,"minecraft:coal":158,"unusualprehistory:mezo_fossil":13}},"DataVersion":3465}