{"stats":{"minecraft:dropped":{"minecraft:iron_ingot":2,"minecraft:sugar_cane":6,"minecraft:wheat_seeds":1,"minecraft:rotten_flesh":2,"minecraft:lantern":1,"minecraft:spruce_fence":1,"minecraft:stick":8,"minecraft:dark_oak_log":2,"minecraft:spruce_planks":38,"irons_spellbooks:arcane_essence":2,"minecraft:black_wool":2,"domesticationinnovation:collar_tag":1},"minecraft:mined":{"minecraft:scaffolding":1,"minecraft:acacia_leaves":3,"minecraft:spruce_planks":1,"minecraft:glass_pane":2,"minecraft:red_bed":6,"minecraft:brown_stained_glass_pane":2,"minecraft:brown_carpet":1,"minecraft:dark_oak_log":112,"minecraft:crafting_table":1,"minecraft:light_gray_terracotta":2,"minecraft:acacia_log":10,"minecraft:melon":4,"minecraft:glass":1,"minecraft:tall_grass":1,"minecraft:sugar_cane":2,"minecraft:spawner":3,"minecraft:hay_block":116,"minecraft:purple_bed":1,"minecraft:birch_log":30,"minecraft:wheat":1,"minecraft:fire":1,"minecraft:gray_bed":1,"minecraft:stripped_spruce_log":7,"minecraft:stone_brick_stairs":2,"minecraft:black_wool":4,"minecraft:grass":33,"minecraft:bookshelf":58,"minecraft:cobweb":9,"minecraft:stone":2,"minecraft:white_wool":11,"minecraft:deepslate":1,"minecraft:tripwire":1,"minecraft:fern":4},"minecraft:killed_by":{"iceandfire:ice_dragon":1,"iceandfire:fire_dragon":4},"minecraft:killed":{"born_in_chaos_v1:zombie_lumberjack":2,"born_in_chaos_v1:door_knight_not_despawn":2,"minecraft:spider":2,"born_in_chaos_v1:decrepit_skeleton":6,"minecraft:sheep":2,"minecraft:cow":8},"minecraft:crafted":{"minecraft:cooked_beef":6,"minecraft:wooden_sword":1,"sophisticatedbackpacks:backpack":1,"minecraft:dark_oak_boat":1,"minecraft:crafting_table":8,"minecraft:spruce_planks":28,"minecraft:birch_boat":1,"minecraft:cooked_chicken":1,"minecraft:birch_planks":120,"minecraft:air":0,"minecraft:wooden_hoe":3,"minecraft:iron_axe":1,"minecraft:stick":8,"minecraft:wooden_axe":1,"minecraft:chest":1,"minecraft:acacia_planks":28,"minecraft:dark_oak_planks":20,"minecraft:shears":1},"minecraft:custom":{"minecraft:interact_with_furnace":3,"minecraft:mob_kills":11,"minecraft:interact_with_crafting_table":11,"minecraft:open_barrel":18,"minecraft:interact_with_campfire":2,"minecraft:damage_dealt_resisted":4,"minecraft:leave_game":7,"minecraft:time_since_death":34579,"minecraft:sleep_in_bed":3,"minecraft:climb_one_cm":4356,"minecraft:time_since_rest":26833,"minecraft:sprint_one_cm":248767,"minecraft:damage_taken":2408,"minecraft:walk_one_cm":205965,"minecraft:drop":16,"minecraft:damage_dealt":2271,"minecraft:swim_one_cm":19312,"minecraft:fly_one_cm":717584,"minecraft:open_chest":59,"minecraft:crouch_one_cm":29102,"minecraft:play_time":101585,"minecraft:deaths":6,"minecraft:sneak_time":5814,"minecraft:walk_under_water_one_cm":1646,"minecraft:jump":2894,"minecraft:walk_on_water_one_cm":4828,"minecraft:total_world_time":101585,"minecraft:interact_with_smoker":4,"minecraft:fall_one_cm":91443},"minecraft:broken":{"minecraft:wooden_axe":1,"minecraft:wooden_hoe":2},"minecraft:used":{"minecraft:cooked_mutton":1,"minecraft:baked_potato":2,"minecraft:spruce_planks":1,"minecraft:birch_boat":2,"minecraft:cooked_chicken":1,"minecraft:iron_chestplate":1,"minecraft:crafting_table":9,"minecraft:acacia_sapling":2,"minecraft:shears":3,"minecraft:jungle_sapling":2,"minecraft:wooden_axe":45,"minecraft:wooden_hoe":129,"minecraft:black_wool":5,"minecraft:bookshelf":1,"minecraft:bread":22,"minecraft:string":1,"minecraft:melon_slice":20,"minecraft:iron_axe":219,"minecraft:brown_wool":10,"minecraft:iron_pickaxe":5,"minecraft:wooden_sword":10,"minecraft:brown_carpet":1,"minecraft:dark_oak_boat":1,"minecraft:gray_bed":1,"minecraft:cobweb":5},"minecraft:picked_up":{"minecraft:birch_log":30,"minecraft:wheat":1,"minecraft:crafting_table":1,"minecraft:chicken":1,"minecraft:leather":4,"minecraft:dark_oak_boat":1,"minecraft:stone_brick_stairs":2,"minecraft:string":12,"minecraft:lantern":1,"minecraft:red_bed":6,"minecraft:item_frame":5,"minecraft:cooked_mutton":1,"irons_spellbooks:arcane_essence":1,"minecraft:wheat_seeds":7,"minecraft:cobbled_deepslate":1,"minecraft:spruce_planks":39,"minecraft:beef":6,"minecraft:iron_ingot":8,"minecraft:jungle_sapling":2,"minecraft:gray_bed":1,"minecraft:melon_slice":20,"minecraft:sugar_cane":12,"minecraft:birch_sapling":1,"minecraft:acacia_sapling":2,"minecraft:scaffolding":1,"minecraft:book":171,"minecraft:dark_oak_sapling":8,"minecraft:stick":22,"minecraft:birch_boat":2,"minecraft:acacia_log":7,"minecraft:spruce_fence":1,"minecraft:stripped_spruce_log":8,"minecraft:dark_oak_log":106,"minecraft:brown_carpet":1,"minecraft:light_gray_terracotta":1,"minecraft:purple_bed":1,"minecraft:rotten_flesh":5,"minecraft:hay_block":112,"minecraft:grass":2,"minecraft:gold_ingot":1,"minecraft:emerald":1,"minecraft:black_wool":3,"minecraft:oak_sapling":1,"minecraft:melon_seeds":1,"minecraft:mutton":2,"minecraft:white_wool":37,"minecraft:cobblestone":2}},"DataVersion":3465}