{"stats":{"minecraft:dropped":{"minecraft:birch_planks":4,"minecraft:lantern":1,"minecraft:birch_slab":2,"minecraft:red_carpet":1,"minecraft:emerald":11,"born_in_chaos_v1:monster_flesh":2,"minecraft:dirt":10,"minecraft:dark_oak_log":2,"irons_spellbooks:arcane_essence":3,"minecraft:dark_oak_planks":10,"minecraft:bone":1,"minecraft:sugar_cane":6,"minecraft:birch_sapling":57,"minecraft:rotten_flesh":12,"born_in_chaos_v1:corpse_maggot":2,"minecraft:scaffolding":1,"domesticationinnovation:collar_tag":1,"minecraft:iron_ingot":2,"minecraft:bread":105,"born_in_chaos_v1:shattered_skull":1,"minecraft:wheat_seeds":7,"minecraft:lilac":2,"minecraft:cobblestone":4,"minecraft:stick":8,"minecraft:rose_bush":4,"minecraft:iron_leggings":2,"minecraft:lily_pad":2,"artifacts:digging_claws":1,"minecraft:pink_tulip":4,"minecraft:moss_carpet":1,"minecraft:light_gray_terracotta":4,"minecraft:white_carpet":3,"minecraft:spruce_fence":1,"minecraft:spruce_planks":38,"minecraft:iron_chestplate":7,"minecraft:wooden_pickaxe":1,"minecraft:black_wool":2},"minecraft:mined":{"minecraft:dark_oak_planks":1,"minecraft:spruce_planks":1,"minecraft:white_bed":7,"minecraft:oak_sapling":1,"minecraft:cherry_log":1,"minecraft:brewing_stand":2,"minecraft:acacia_log":10,"minecraft:grass_block":11,"minecraft:white_concrete":6,"minecraft:light_gray_bed":1,"minecraft:spawner":9,"minecraft:barrel":3,"minecraft:fire":1,"minecraft:moss_carpet":1,"minecraft:fletching_table":19,"minecraft:brown_bed":6,"minecraft:pink_tulip":3,"minecraft:tripwire":1,"minecraft:green_bed":4,"minecraft:red_bed":22,"minecraft:light_gray_terracotta":2,"minecraft:blast_furnace":17,"minecraft:calcite":5,"minecraft:melon":6,"minecraft:chest":7,"minecraft:glass":1,"minecraft:cobblestone":20,"minecraft:cyan_bed":2,"minecraft:sugar_cane":2,"minecraft:wall_torch":2,"minecraft:birch_sapling":4,"minecraft:stone_stairs":6,"minecraft:birch_log":1034,"minecraft:wheat":1,"minecraft:lilac":4,"minecraft:stone_brick_stairs":2,"minecraft:grass":45,"minecraft:oak_log":90,"minecraft:dirt":4,"minecraft:stonecutter":6,"minecraft:oak_leaves":6,"minecraft:deepslate":1,"minecraft:red_carpet":2,"minecraft:dark_oak_log":254,"minecraft:ladder":8,"minecraft:birch_slab":3,"minecraft:spruce_leaves":1,"minecraft:hay_block":154,"minecraft:furnace":1,"minecraft:stripped_spruce_log":7,"minecraft:bell":1,"minecraft:bookshelf":139,"minecraft:deepslate_iron_ore":2,"minecraft:vine":1,"minecraft:stone":41,"minecraft:bone_block":18,"minecraft:cake":1,"minecraft:white_wool":11,"minecraft:smithing_table":1,"minecraft:birch_stairs":1,"minecraft:scaffolding":1,"minecraft:acacia_leaves":3,"minecraft:glass_pane":2,"minecraft:brown_stained_glass_pane":2,"minecraft:brown_carpet":1,"minecraft:crafting_table":1,"minecraft:rose_bush":3,"minecraft:lectern":9,"minecraft:tall_grass":2,"minecraft:blue_bed":5,"minecraft:purple_bed":2,"minecraft:birch_planks":28,"minecraft:gray_bed":5,"minecraft:white_carpet":1,"minecraft:birch_leaves":8,"minecraft:white_wall_banner":1,"minecraft:yellow_bed":12,"minecraft:black_wool":4,"minecraft:gravel":32,"minecraft:cyan_carpet":3,"minecraft:cobweb":9,"minecraft:fern":4},"minecraft:killed_by":{"born_in_chaos_v1:nightmare_stalker":1,"iceandfire:ice_dragon":1,"iceandfire:fire_dragon":4,"minecraft:husk":1,"minecraft:skeleton":2,"iceandfire:ghost":3},"minecraft:killed":{"born_in_chaos_v1:zombie_lumberjack":6,"born_in_chaos_v1:restless_spirit":2,"born_in_chaos_v1:door_knight_not_despawn":2,"minecraft:spider":2,"minecraft:skeleton":16,"minecraft:sheep":2,"born_in_chaos_v1:dread_hound":2,"born_in_chaos_v1:corpse_fly":2,"born_in_chaos_v1:door_knight":4,"minecraft:cow":8,"irons_spellbooks:summoned_zombie":6,"born_in_chaos_v1:maggot":4,"born_in_chaos_v1:decrepit_skeleton":8,"iceandfire:ghost":2,"born_in_chaos_v1:nightmare_stalker":2},"minecraft:crafted":{"minecraft:oak_planks":108,"minecraft:dark_oak_boat":1,"minecraft:cooked_chicken":1,"minecraft:birch_boat":2,"minecraft:bow":2,"minecraft:chest":10,"sophisticatedbackpacks:backpack":1,"minecraft:arrow":112,"minecraft:emerald":100,"minecraft:crafting_table":18,"minecraft:spruce_planks":28,"minecraft:wooden_pickaxe":1,"minecraft:fletching_table":12,"minecraft:birch_planks":2425,"minecraft:charcoal":49,"minecraft:wooden_hoe":3,"minecraft:iron_chestplate":8,"minecraft:birch_fence":3,"minecraft:stick":3065,"minecraft:shears":1,"minecraft:cherry_planks":4,"minecraft:wooden_sword":1,"minecraft:furnace":1,"minecraft:white_carpet":3,"minecraft:iron_axe":2,"minecraft:stone_pickaxe":10,"minecraft:dark_oak_planks":652,"minecraft:chainmail_leggings":12,"minecraft:wheat":432,"sophisticatedbackpacks:iron_backpack":1,"minecraft:cooked_beef":6,"sophisticatedbackpacks:gold_backpack":1,"minecraft:stone_axe":10,"minecraft:bread":145,"minecraft:air":0,"minecraft:flint":30,"minecraft:wooden_axe":9,"minecraft:iron_leggings":2,"minecraft:white_bed":7,"minecraft:acacia_planks":28,"minecraft:torch":212},"minecraft:custom":{"minecraft:interact_with_crafting_table":56,"minecraft:open_barrel":44,"minecraft:bell_ring":35,"minecraft:leave_game":22,"minecraft:time_since_death":93889,"minecraft:sprint_one_cm":696920,"minecraft:drop":173,"minecraft:talked_to_villager":22,"minecraft:play_time":305657,"minecraft:deaths":13,"minecraft:jump":7271,"minecraft:walk_on_water_one_cm":20353,"minecraft:interact_with_furnace":11,"minecraft:traded_with_villager":144,"minecraft:sleep_in_bed":19,"minecraft:damage_dealt":7896,"minecraft:crouch_one_cm":82817,"minecraft:interact_with_smoker":4,"minecraft:mob_kills":35,"minecraft:interact_with_campfire":2,"minecraft:damage_dealt_resisted":16,"minecraft:climb_one_cm":13166,"minecraft:walk_one_cm":715372,"minecraft:sneak_time":19899,"minecraft:walk_under_water_one_cm":27559,"minecraft:interact_with_lectern":2,"minecraft:interact_with_blast_furnace":2,"minecraft:total_world_time":305657,"minecraft:time_since_rest":8003,"minecraft:damage_taken":5997,"minecraft:trigger_trapped_chest":2,"minecraft:swim_one_cm":32547,"minecraft:fly_one_cm":1591931,"minecraft:open_chest":126,"minecraft:fall_one_cm":191383},"minecraft:broken":{"minecraft:stone_axe":6,"minecraft:wooden_axe":9,"minecraft:iron_axe":2,"minecraft:wooden_hoe":3},"minecraft:used":{"minecraft:moss_carpet":2,"minecraft:ladder":5,"minecraft:chest":15,"minecraft:bell":1,"minecraft:iron_chestplate":1,"minecraft:acacia_sapling":2,"minecraft:jungle_sapling":2,"born_in_chaos_v1:corpse_maggot":1,"minecraft:birch_sapling":162,"minecraft:item_frame":8,"minecraft:red_carpet":1,"minecraft:brown_carpet":1,"minecraft:dark_oak_boat":1,"minecraft:hay_block":3,"minecraft:furnace":2,"minecraft:oak_sapling":8,"minecraft:gray_bed":4,"minecraft:dark_oak_sapling":12,"minecraft:orange_tulip":1,"minecraft:blue_bed":2,"minecraft:white_wool":1,"minecraft:blast_furnace":2,"minecraft:shears":3,"minecraft:birch_fence":1,"minecraft:dark_oak_log":2,"minecraft:melon_slice":20,"minecraft:bread":76,"minecraft:brown_wool":10,"minecraft:string":1,"minecraft:gravel":1,"minecraft:lilac":1,"minecraft:wooden_sword":10,"minecraft:smithing_table":1,"minecraft:birch_log":8,"minecraft:cobweb":5,"minecraft:spruce_planks":1,"minecraft:cooked_chicken":2,"minecraft:torch":68,"minecraft:dirt":1,"minecraft:white_carpet":1,"minecraft:diamond_helmet":2,"minecraft:dark_oak_planks":14,"minecraft:wooden_axe":515,"minecraft:bookshelf":1,"minecraft:iron_axe":465,"minecraft:cooked_beef":1,"minecraft:cherry_log":1,"minecraft:light_gray_bed":1,"minecraft:iron_leggings":1,"minecraft:brown_bed":5,"minecraft:calcite":4,"minecraft:cooked_mutton":1,"minecraft:water_bucket":10,"minecraft:birch_planks":1199,"minecraft:baked_potato":2,"minecraft:birch_boat":5,"minecraft:cherry_planks":1,"minecraft:fletching_table":19,"minecraft:green_bed":3,"minecraft:crafting_table":19,"minecraft:red_bed":21,"minecraft:white_bed":14,"minecraft:painting":2,"minecraft:oak_log":1,"minecraft:wooden_hoe":152,"minecraft:black_wool":5,"minecraft:iron_pickaxe":106,"minecraft:stone_axe":934,"minecraft:cobblestone":15,"minecraft:purple_bed":2,"minecraft:turtle_helmet":1,"minecraft:bucket":10,"minecraft:pumpkin_pie":5,"minecraft:yellow_bed":10,"minecraft:chainmail_leggings":1},"minecraft:picked_up":{"minecraft:iron_chestplate":7,"minecraft:wheat":1,"minecraft:smithing_table":1,"minecraft:lead":1,"minecraft:brown_bed":6,"minecraft:stone_brick_stairs":2,"minecraft:brewing_stand":2,"minecraft:string":12,"minecraft:iron_leggings":2,"irons_spellbooks:arcane_essence":2,"minecraft:gold_nugget":17,"minecraft:cobbled_deepslate":1,"minecraft:spruce_planks":39,"minecraft:rose_bush":4,"minecraft:calcite":4,"minecraft:melon_slice":32,"minecraft:furnace":1,"minecraft:stick":166,"born_in_chaos_v1:shattered_skull":1,"minecraft:torch":4,"minecraft:acacia_log":7,"minecraft:green_bed":4,"minecraft:cherry_log":2,"minecraft:brown_carpet":1,"minecraft:rotten_flesh":16,"minecraft:light_gray_bed":1,"minecraft:cobblestone":57,"minecraft:birch_log":1059,"minecraft:lilac":3,"minecraft:water_bucket":1,"minecraft:birch_slab":2,"minecraft:dark_oak_boat":1,"minecraft:flint":1,"minecraft:dirt":11,"minecraft:lantern":1,"minecraft:bone":9,"minecraft:stonecutter":6,"minecraft:orange_tulip":1,"minecraft:wheat_seeds":19,"minecraft:bell":1,"minecraft:fletching_table":19,"minecraft:stripped_spruce_log":8,"minecraft:cyan_bed":2,"minecraft:dark_oak_log":249,"minecraft:light_gray_terracotta":4,"minecraft:soul_lantern":1,"minecraft:writable_book":2,"minecraft:grass":2,"minecraft:white_concrete":5,"minecraft:bread":15,"minecraft:emerald":24,"minecraft:oak_sapling":37,"minecraft:charcoal":2,"minecraft:crafting_table":1,"minecraft:chicken":1,"minecraft:ladder":5,"minecraft:red_bed":21,"minecraft:stone_stairs":3,"minecraft:moss_carpet":4,"minecraft:white_carpet":1,"minecraft:item_frame":7,"minecraft:cyan_carpet":2,"minecraft:beef":6,"minecraft:jungle_sapling":2,"minecraft:iron_nugget":10,"minecraft:lectern":9,"minecraft:sugar_cane":12,"minecraft:chest":7,"minecraft:birch_sapling":235,"minecraft:dark_oak_sapling":16,"minecraft:raw_iron":2,"minecraft:spruce_fence":1,"minecraft:carrot":1,"minecraft:dark_oak_planks":10,"minecraft:arrow":8,"minecraft:hay_block":149,"minecraft:pink_tulip":4,"minecraft:gold_ingot":1,"minecraft:mutton":2,"minecraft:white_wool":38,"minecraft:bone_block":16,"born_in_chaos_v1:corpse_maggot":3,"born_in_chaos_v1:monster_flesh":5,"artifacts:digging_claws":1,"minecraft:leather":4,"minecraft:birch_planks":32,"minecraft:oak_log":68,"minecraft:lily_pad":2,"minecraft:yellow_bed":12,"minecraft:blue_bed":5,"minecraft:white_banner":1,"minecraft:cooked_mutton":1,"minecraft:red_carpet":2,"minecraft:apple":9,"minecraft:iron_ingot":8,"minecraft:cooked_chicken":1,"minecraft:gray_bed":5,"minecraft:acacia_sapling":2,"minecraft:book":413,"minecraft:scaffolding":1,"minecraft:birch_boat":3,"minecraft:gravel":31,"minecraft:blast_furnace":17,"minecraft:white_bed":7,"minecraft:purple_bed":2,"minecraft:painting":1,"minecraft:melon_seeds":1,"minecraft:black_wool":3}},"DataVersion":3465}