{"stats":{"minecraft:crafted":{"minecraft:wooden_hoe":2,"minecraft:crafting_table":4,"minecraft:stick":8,"minecraft:cooked_chicken":1,"minecraft:wooden_axe":1,"minecraft:acacia_planks":28,"minecraft:shears":1,"minecraft:air":0},"minecraft:custom":{"minecraft:time_since_rest":11413,"minecraft:interact_with_furnace":3,"minecraft:sprint_one_cm":38204,"minecraft:damage_taken":610,"minecraft:walk_one_cm":44427,"minecraft:mob_kills":6,"minecraft:drop":3,"minecraft:damage_dealt":848,"minecraft:interact_with_crafting_table":4,"minecraft:fly_one_cm":80228,"minecraft:open_chest":13,"minecraft:crouch_one_cm":12054,"minecraft:play_time":17840,"minecraft:deaths":2,"minecraft:sneak_time":1943,"minecraft:jump":393,"minecraft:leave_game":1,"minecraft:time_since_death":11386,"minecraft:total_world_time":17840,"minecraft:climb_one_cm":877,"minecraft:fall_one_cm":12254},"minecraft:mined":{"minecraft:hay_block":88,"minecraft:acacia_leaves":3,"minecraft:red_bed":1,"minecraft:brown_carpet":1,"minecraft:crafting_table":1,"minecraft:black_wool":1,"minecraft:grass":4,"minecraft:acacia_log":10,"minecraft:bookshelf":16,"minecraft:melon":4,"minecraft:glass":1,"minecraft:white_wool":8,"minecraft:fern":1},"minecraft:broken":{"minecraft:wooden_axe":1,"minecraft:wooden_hoe":1},"minecraft:picked_up":{"minecraft:book":45,"minecraft:stick":1,"minecraft:chicken":1,"minecraft:leather":4,"minecraft:acacia_log":7,"minecraft:lantern":1,"minecraft:red_bed":1,"minecraft:brown_carpet":1,"minecraft:item_frame":4,"minecraft:rotten_flesh":2,"minecraft:wheat_seeds":1,"minecraft:hay_block":86,"minecraft:iron_ingot":4,"minecraft:beef":6,"minecraft:jungle_sapling":2,"minecraft:emerald":1,"minecraft:black_wool":1,"minecraft:melon_slice":20,"minecraft:melon_seeds":1,"minecraft:mutton":2,"minecraft:white_wool":9,"minecraft:crafting_table":1},"minecraft:killed":{"minecraft:sheep":2,"born_in_chaos_v1:decrepit_skeleton":2,"minecraft:cow":8},"minecraft:used":{"minecraft:jungle_sapling":2,"minecraft:wooden_axe":45,"minecraft:wooden_hoe":91,"minecraft:black_wool":2,"minecraft:melon_slice":12,"minecraft:cooked_chicken":1,"minecraft:iron_chestplate":1,"minecraft:crafting_table":4},"minecraft:dropped":{"minecraft:iron_ingot":1,"minecraft:rotten_flesh":2},"minecraft:killed_by":{"iceandfire:fire_dragon":2}},"DataVersion":3465}