{"stats":{"minecraft:used":{"minecraft:moss_carpet":2,"minecraft:spruce_planks":1,"minecraft:cooked_chicken":1,"minecraft:iron_chestplate":1,"minecraft:torch":25,"minecraft:dirt":1,"minecraft:white_carpet":1,"minecraft:acacia_sapling":2,"minecraft:jungle_sapling":2,"born_in_chaos_v1:corpse_maggot":1,"minecraft:wooden_axe":236,"minecraft:bookshelf":1,"minecraft:iron_axe":222,"minecraft:brown_carpet":1,"minecraft:dark_oak_boat":1,"minecraft:furnace":1,"minecraft:gray_bed":1,"minecraft:cooked_mutton":1,"minecraft:birch_planks":543,"minecraft:baked_potato":2,"minecraft:birch_boat":3,"minecraft:fletching_table":9,"minecraft:crafting_table":13,"minecraft:red_bed":6,"minecraft:white_bed":7,"minecraft:shears":3,"minecraft:birch_fence":1,"minecraft:wooden_hoe":152,"minecraft:black_wool":5,"minecraft:dark_oak_log":1,"minecraft:melon_slice":20,"minecraft:bread":48,"minecraft:brown_wool":10,"minecraft:string":1,"minecraft:iron_pickaxe":27,"minecraft:lilac":1,"minecraft:stone_axe":253,"minecraft:wooden_sword":10,"minecraft:purple_bed":1,"minecraft:birch_log":6,"minecraft:cobweb":5},"minecraft:custom":{"minecraft:mob_kills":19,"minecraft:interact_with_crafting_table":37,"minecraft:open_barrel":18,"minecraft:interact_with_campfire":2,"minecraft:bell_ring":6,"minecraft:damage_dealt_resisted":4,"minecraft:leave_game":12,"minecraft:time_since_death":31315,"minecraft:climb_one_cm":6884,"minecraft:sprint_one_cm":340898,"minecraft:walk_one_cm":366843,"minecraft:drop":143,"minecraft:play_time":167879,"minecraft:deaths":7,"minecraft:sneak_time":10949,"minecraft:walk_under_water_one_cm":1646,"minecraft:interact_with_lectern":1,"minecraft:jump":4179,"minecraft:walk_on_water_one_cm":4828,"minecraft:total_world_time":167879,"minecraft:interact_with_furnace":7,"minecraft:traded_with_villager":26,"minecraft:sleep_in_bed":10,"minecraft:time_since_rest":10677,"minecraft:damage_taken":3738,"minecraft:damage_dealt":3953,"minecraft:swim_one_cm":19312,"minecraft:fly_one_cm":920671,"minecraft:open_chest":71,"minecraft:crouch_one_cm":48843,"minecraft:interact_with_smoker":4,"minecraft:fall_one_cm":113894},"minecraft:picked_up":{"minecraft:charcoal":2,"minecraft:crafting_table":1,"minecraft:wheat":1,"minecraft:chicken":1,"minecraft:stone_brick_stairs":2,"minecraft:string":12,"minecraft:red_bed":8,"minecraft:moss_carpet":3,"minecraft:white_carpet":1,"minecraft:item_frame":5,"irons_spellbooks:arcane_essence":2,"minecraft:cobbled_deepslate":1,"minecraft:spruce_planks":39,"minecraft:beef":6,"minecraft:rose_bush":4,"minecraft:jungle_sapling":2,"minecraft:lectern":2,"minecraft:melon_slice":20,"minecraft:sugar_cane":12,"minecraft:birch_sapling":114,"minecraft:furnace":1,"minecraft:dark_oak_sapling":8,"minecraft:stick":68,"minecraft:green_bed":1,"minecraft:acacia_log":7,"minecraft:spruce_fence":1,"minecraft:brown_carpet":1,"minecraft:rotten_flesh":7,"minecraft:hay_block":112,"minecraft:pink_tulip":4,"minecraft:gold_ingot":1,"minecraft:bone_block":8,"minecraft:mutton":2,"minecraft:white_wool":37,"minecraft:cobblestone":20,"minecraft:birch_log":423,"born_in_chaos_v1:corpse_maggot":2,"minecraft:lilac":2,"artifacts:digging_claws":1,"minecraft:leather":4,"minecraft:dark_oak_boat":1,"minecraft:birch_planks":18,"minecraft:flint":1,"minecraft:yellow_bed":3,"minecraft:blue_bed":3,"minecraft:dirt":9,"minecraft:lantern":1,"minecraft:cooked_mutton":1,"minecraft:red_carpet":1,"minecraft:wheat_seeds":7,"minecraft:iron_ingot":8,"minecraft:fletching_table":7,"minecraft:gray_bed":1,"minecraft:acacia_sapling":2,"minecraft:book":171,"minecraft:scaffolding":1,"minecraft:birch_boat":2,"minecraft:gravel":30,"minecraft:stripped_spruce_log":8,"minecraft:dark_oak_log":107,"minecraft:light_gray_terracotta":4,"minecraft:purple_bed":1,"minecraft:writable_book":1,"minecraft:grass":2,"minecraft:white_concrete":3,"minecraft:bread":15,"minecraft:emerald":1,"minecraft:oak_sapling":1,"minecraft:melon_seeds":1,"minecraft:black_wool":3},"minecraft:killed_by":{"born_in_chaos_v1:nightmare_stalker":1,"iceandfire:ice_dragon":1,"iceandfire:fire_dragon":4},"minecraft:broken":{"minecraft:iron_axe":1,"minecraft:stone_axe":2,"minecraft:wooden_axe":4,"minecraft:wooden_hoe":3},"minecraft:killed":{"irons_spellbooks:summoned_zombie":6,"born_in_chaos_v1:restless_spirit":2,"born_in_chaos_v1:zombie_lumberjack":2,"born_in_chaos_v1:door_knight_not_despawn":2,"minecraft:spider":2,"born_in_chaos_v1:maggot":4,"born_in_chaos_v1:decrepit_skeleton":6,"minecraft:sheep":2,"born_in_chaos_v1:corpse_fly":2,"born_in_chaos_v1:nightmare_stalker":2,"minecraft:cow":8},"minecraft:crafted":{"minecraft:wooden_sword":1,"minecraft:dark_oak_boat":1,"minecraft:birch_boat":1,"minecraft:cooked_chicken":1,"minecraft:furnace":1,"minecraft:white_carpet":3,"minecraft:iron_axe":1,"minecraft:chest":1,"minecraft:dark_oak_planks":276,"sophisticatedbackpacks:iron_backpack":1,"minecraft:wheat":432,"minecraft:cooked_beef":6,"minecraft:emerald":16,"minecraft:arrow":112,"sophisticatedbackpacks:backpack":1,"minecraft:crafting_table":12,"minecraft:spruce_planks":28,"minecraft:wooden_pickaxe":1,"sophisticatedbackpacks:gold_backpack":1,"minecraft:fletching_table":12,"minecraft:birch_planks":833,"minecraft:stone_axe":3,"minecraft:bread":145,"minecraft:air":0,"minecraft:charcoal":19,"minecraft:wooden_hoe":3,"minecraft:birch_fence":3,"minecraft:flint":30,"minecraft:stick":649,"minecraft:wooden_axe":4,"minecraft:white_bed":7,"minecraft:acacia_planks":28,"minecraft:torch":76,"minecraft:shears":1},"minecraft:dropped":{"minecraft:iron_ingot":2,"minecraft:bread":105,"minecraft:birch_planks":2,"minecraft:wheat_seeds":1,"minecraft:lilac":1,"minecraft:cobblestone":1,"minecraft:lantern":1,"minecraft:red_carpet":1,"minecraft:stick":8,"minecraft:dirt":8,"minecraft:dark_oak_log":2,"minecraft:rose_bush":4,"irons_spellbooks:arcane_essence":3,"artifacts:digging_claws":1,"minecraft:pink_tulip":4,"minecraft:moss_carpet":1,"minecraft:sugar_cane":6,"minecraft:light_gray_terracotta":4,"minecraft:birch_sapling":57,"minecraft:white_carpet":3,"minecraft:rotten_flesh":6,"minecraft:spruce_fence":1,"minecraft:spruce_planks":38,"born_in_chaos_v1:corpse_maggot":1,"minecraft:wooden_pickaxe":1,"minecraft:scaffolding":1,"domesticationinnovation:collar_tag":1,"minecraft:black_wool":2},"minecraft:mined":{"minecraft:red_carpet":1,"minecraft:spruce_planks":1,"minecraft:dark_oak_log":112,"minecraft:acacia_log":10,"minecraft:grass_block":10,"minecraft:white_concrete":5,"minecraft:spawner":3,"minecraft:hay_block":116,"minecraft:furnace":1,"minecraft:fire":1,"minecraft:stripped_spruce_log":7,"minecraft:moss_carpet":1,"minecraft:fletching_table":7,"minecraft:bookshelf":58,"minecraft:pink_tulip":3,"minecraft:stone":20,"minecraft:bone_block":9,"minecraft:white_wool":11,"minecraft:green_bed":1,"minecraft:tripwire":1,"minecraft:acacia_leaves":3,"minecraft:scaffolding":1,"minecraft:glass_pane":2,"minecraft:red_bed":9,"minecraft:brown_stained_glass_pane":2,"minecraft:brown_carpet":1,"minecraft:crafting_table":1,"minecraft:light_gray_terracotta":2,"minecraft:melon":4,"minecraft:rose_bush":3,"minecraft:lectern":2,"minecraft:cobblestone":1,"minecraft:glass":1,"minecraft:tall_grass":1,"minecraft:sugar_cane":2,"minecraft:blue_bed":3,"minecraft:birch_planks":16,"minecraft:purple_bed":1,"minecraft:birch_log":381,"minecraft:wheat":1,"minecraft:lilac":3,"minecraft:white_carpet":1,"minecraft:gray_bed":1,"minecraft:birch_leaves":4,"minecraft:yellow_bed":3,"minecraft:stone_brick_stairs":2,"minecraft:grass":43,"minecraft:black_wool":4,"minecraft:gravel":31,"minecraft:dirt":3,"minecraft:cobweb":9,"minecraft:deepslate":1,"minecraft:fern":4}},"DataVersion":3465}