{"stats":{"minecraft:crafted":{"minecraft:dark_oak_boat":1,"minecraft:crafting_table":5,"minecraft:cooked_chicken":1,"minecraft:air":0,"minecraft:wooden_hoe":2,"minecraft:stick":8,"minecraft:wooden_axe":1,"minecraft:acacia_planks":28,"minecraft:dark_oak_planks":12,"minecraft:shears":1},"minecraft:custom":{"minecraft:interact_with_furnace":3,"minecraft:mob_kills":7,"minecraft:interact_with_crafting_table":5,"minecraft:leave_game":3,"minecraft:time_since_death":3491,"minecraft:sleep_in_bed":1,"minecraft:climb_one_cm":1230,"minecraft:time_since_rest":3515,"minecraft:sprint_one_cm":80318,"minecraft:damage_taken":1470,"minecraft:walk_one_cm":71913,"minecraft:drop":4,"minecraft:damage_dealt":1057,"minecraft:swim_one_cm":13127,"minecraft:fly_one_cm":206532,"minecraft:open_chest":25,"minecraft:crouch_one_cm":16466,"minecraft:play_time":32122,"minecraft:deaths":5,"minecraft:sneak_time":3304,"minecraft:walk_under_water_one_cm":740,"minecraft:jump":885,"minecraft:walk_on_water_one_cm":1594,"minecraft:total_world_time":32122,"minecraft:fall_one_cm":24477},"minecraft:mined":{"minecraft:acacia_leaves":3,"minecraft:red_bed":1,"minecraft:brown_carpet":1,"minecraft:dark_oak_log":3,"minecraft:crafting_table":1,"minecraft:acacia_log":10,"minecraft:melon":4,"minecraft:glass":1,"minecraft:tall_grass":1,"minecraft:hay_block":104,"minecraft:wheat":1,"minecraft:fire":1,"minecraft:black_wool":4,"minecraft:grass":26,"minecraft:bookshelf":16,"minecraft:white_wool":11,"minecraft:fern":4},"minecraft:broken":{"minecraft:wooden_axe":1,"minecraft:wooden_hoe":2},"minecraft:picked_up":{"minecraft:crafting_table":1,"minecraft:wheat":1,"minecraft:chicken":1,"minecraft:leather":4,"minecraft:dark_oak_boat":1,"minecraft:red_bed":1,"minecraft:lantern":1,"minecraft:item_frame":5,"minecraft:wheat_seeds":7,"minecraft:iron_ingot":7,"minecraft:beef":6,"minecraft:jungle_sapling":2,"minecraft:melon_slice":20,"minecraft:book":47,"minecraft:stick":1,"minecraft:acacia_log":7,"minecraft:dark_oak_log":5,"minecraft:brown_carpet":1,"minecraft:rotten_flesh":2,"minecraft:hay_block":100,"minecraft:grass":2,"minecraft:gold_ingot":1,"minecraft:emerald":1,"minecraft:melon_seeds":1,"minecraft:black_wool":3,"minecraft:mutton":2,"minecraft:white_wool":37},"minecraft:killed":{"born_in_chaos_v1:zombie_lumberjack":2,"born_in_chaos_v1:decrepit_skeleton":2,"minecraft:sheep":2,"minecraft:cow":8},"minecraft:used":{"minecraft:baked_potato":2,"minecraft:cooked_chicken":1,"minecraft:iron_chestplate":1,"minecraft:crafting_table":5,"minecraft:shears":3,"minecraft:jungle_sapling":2,"minecraft:wooden_axe":45,"minecraft:wooden_hoe":115,"minecraft:black_wool":5,"minecraft:melon_slice":16,"minecraft:brown_wool":10,"minecraft:brown_carpet":1,"minecraft:dark_oak_boat":1},"minecraft:dropped":{"minecraft:iron_ingot":1,"minecraft:wheat_seeds":1,"minecraft:rotten_flesh":2},"minecraft:killed_by":{"iceandfire:fire_dragon":4}},"DataVersion":3465}