{"stats":{"minecraft:dropped":{"farmersdelight:tomato_seeds":5,"biome_backlog:palm_leaves_hanging":4,"minecraft:wheat_seeds":12,"minecraft:wheat":2,"irons_spellbooks:uncommon_ink":1,"minecraft:rotten_flesh":1,"ecologics:walnut_sapling":1,"minecraft:oak_sign":6,"minecraft:stone_button":1,"minecraft:torch":1,"irons_spellbooks:common_ink":1,"irons_spellbooks:frozen_bone":5,"minecraft:lily_pad":16},"minecraft:mined":{"minecraft:acacia_leaves":3,"minecraft:spruce_planks":1,"minecraft:red_bed":2,"minecraft:mangrove_roots":1,"minecraft:powder_snow":3,"minecraft:blast_furnace":1,"minecraft:acacia_log":1,"minecraft:grass_block":2,"minecraft:spruce_fence":1,"minecraft:chest":2,"minecraft:tall_grass":46,"minecraft:spruce_leaves":4,"minecraft:sugar_cane":4,"minecraft:wall_torch":1,"minecraft:large_fern":4,"minecraft:hay_block":28,"minecraft:spruce_stairs":3,"minecraft:yellow_bed":1,"minecraft:grass":15,"minecraft:bookshelf":7,"minecraft:oak_log":16,"minecraft:deepslate_iron_ore":2,"minecraft:gravel":1,"ecologics:walnut_log":4,"minecraft:wither_skeleton_skull":1,"minecraft:stone":2,"graveyard:wither_skull_pile":1,"minecraft:chipped_anvil":1,"minecraft:oak_leaves":3,"minecraft:fern":1},"minecraft:killed":{"minecraft:sheep":6,"minecraft:cow":8},"minecraft:killed_by":{"cataclysm:deepling_angler":1,"iceandfire:ice_dragon":4,"iceandfire:stymphalian_bird":1,"born_in_chaos_v1:dread_hound":1},"minecraft:crafted":{"minecraft:oak_planks":64,"minecraft:crafting_table":6,"minecraft:spruce_planks":20,"ecologics:walnut_planks":16,"minecraft:oak_boat":2,"minecraft:stick":4,"minecraft:iron_pickaxe":1,"minecraft:wooden_axe":1,"ecologics:walnut_boat":1,"minecraft:acacia_planks":4},"minecraft:custom":{"minecraft:interact_with_furnace":1,"minecraft:mob_kills":7,"minecraft:interact_with_crafting_table":6,"minecraft:open_barrel":4,"minecraft:leave_game":32,"minecraft:time_since_death":68,"minecraft:sleep_in_bed":4,"minecraft:climb_one_cm":7345,"minecraft:time_since_rest":100,"minecraft:sprint_one_cm":253396,"minecraft:damage_taken":2495,"minecraft:walk_one_cm":169334,"minecraft:drop":15,"minecraft:damage_dealt":913,"minecraft:swim_one_cm":25191,"minecraft:fly_one_cm":847949,"minecraft:open_chest":45,"minecraft:crouch_one_cm":16483,"minecraft:play_time":113735,"minecraft:deaths":8,"minecraft:sneak_time":4757,"minecraft:walk_under_water_one_cm":10965,"minecraft:jump":3385,"minecraft:walk_on_water_one_cm":20178,"minecraft:total_world_time":113735,"minecraft:fall_one_cm":109391},"minecraft:used":{"minecraft:leather_leggings":1,"minecraft:rose_bush":2,"minecraft:oak_planks":30,"minecraft:oak_sign":3,"minecraft:spruce_planks":21,"minecraft:chest":1,"minecraft:leather_chestplate":1,"minecraft:leather_boots":1,"minecraft:crafting_table":5,"minecraft:red_bed":2,"minecraft:spruce_stairs":3,"minecraft:snowball":9,"minecraft:wooden_axe":62,"minecraft:apple":3,"minecraft:bread":28,"minecraft:iron_pickaxe":6,"ecologics:walnut_boat":2,"ecologics:walnut_planks":7,"minecraft:oak_boat":2,"minecraft:yellow_bed":1,"alexsmobs:animal_dictionary":1,"minecraft:dandelion":1},"minecraft:picked_up":{"minecraft:wheat":2,"ecologics:walnut":5,"minecraft:leather":2,"minecraft:brown_wool":1,"minecraft:potato":7,"minecraft:oak_log":16,"minecraft:lily_pad":26,"minecraft:yellow_bed":1,"minecraft:wither_skeleton_skull":1,"iceandfire:manuscript":17,"minecraft:paper":3,"minecraft:red_bed":2,"ecologics:walnut_boat":1,"minecraft:bone":4,"minecraft:chipped_anvil":1,"minecraft:apple":5,"minecraft:oak_sign":9,"ecologics:walnut_sapling":1,"minecraft:wheat_seeds":12,"minecraft:spruce_planks":1,"minecraft:cobweb":6,"minecraft:oak_boat":1,"minecraft:rose_bush":2,"minecraft:sugar_cane":10,"minecraft:chest":2,"biome_backlog:palm_leaves_hanging":4,"minecraft:book":36,"minecraft:raw_iron":2,"ecologics:walnut_log":4,"minecraft:torch":1,"minecraft:dandelion":1,"minecraft:acacia_log":1,"minecraft:spruce_stairs":3,"minecraft:spruce_fence":1,"farmersdelight:tomato_seeds":5,"minecraft:stone_button":1,"minecraft:blast_furnace":1,"minecraft:rotten_flesh":1,"minecraft:hay_block":27,"minecraft:bread":2,"minecraft:oak_sapling":2,"minecraft:mutton":3,"minecraft:snowball":16,"minecraft:white_wool":1}},"DataVersion":3465}