{"stats":{"minecraft:crafted":{"minecraft:chainmail_helmet":14,"minecraft:birch_boat":4,"minecraft:diamond_shovel":6,"minecraft:bookshelf":16,"minecraft:glass":67,"minecraft:diamond_helmet":64,"minecraft:diamond_leggings":67,"minecraft:tipped_arrow":599,"minecraft:glass_bottle":51,"minecraft:emerald":1245,"minecraft:diamond_axe":10,"minecraft:jungle_boat":1,"minecraft:smithing_table":2,"minecraft:fletching_table":12,"minecraft:hay_block":42,"farmersdelight:golden_knife":1,"minecraft:wooden_hoe":3,"minecraft:stone_slab":30,"minecraft:iron_pickaxe":7,"minecraft:iron_block":6,"minecraft:gold_ingot":24,"minecraft:composter":1,"biome_backlog:palm_planks":32,"minecraft:golden_carrot":262,"minecraft:diamond_hoe":3,"minecraft:white_carpet":3,"minecraft:spruce_slab":12,"minecraft:stone_pickaxe":10,"minecraft:diamond_boots":68,"minecraft:spruce_boat":3,"minecraft:dark_oak_planks":1140,"minecraft:chainmail_leggings":24,"minecraft:wheat":1195,"minecraft:crossbow":57,"minecraft:enchanting_table":1,"sophisticatedbackpacks:gold_backpack":2,"minecraft:enchanted_book":10,"minecraft:jungle_slab":12,"minecraft:golden_apple":9,"minecraft:flint":213,"minecraft:chainmail_boots":26,"minecraft:wooden_axe":9,"minecraft:iron_shovel":4,"minecraft:iron_leggings":12,"minecraft:white_bed":7,"minecraft:grindstone":4,"minecraft:oak_planks":732,"minecraft:dark_oak_boat":4,"minecraft:cooked_chicken":1,"minecraft:stone":17,"minecraft:cake":4,"minecraft:dark_oak_door":3,"minecraft:bow":66,"minecraft:iron_boots":20,"minecraft:chest":33,"minecraft:arrow":645,"sophisticatedbackpacks:backpack":1,"minecraft:crafting_table":35,"minecraft:spruce_planks":3640,"minecraft:iron_helmet":20,"minecraft:wooden_pickaxe":1,"minecraft:chainmail_chestplate":12,"minecraft:birch_planks":11313,"minecraft:charcoal":71,"minecraft:iron_chestplate":18,"minecraft:diamond_pickaxe":5,"minecraft:shield":40,"minecraft:birch_fence":3,"sophisticatedbackpacks:diamond_backpack":2,"minecraft:stick":29253,"minecraft:iron_ingot":60,"minecraft:shears":1,"minecraft:cherry_planks":4,"minecraft:wooden_sword":1,"minecraft:cookie":144,"minecraft:furnace":5,"minecraft:iron_axe":12,"mca:book_supporters":1,"sophisticatedbackpacks:iron_backpack":2,"minecraft:cooked_beef":6,"minecraft:diamond_sword":7,"minecraft:iron_sword":3,"minecraft:stone_axe":20,"minecraft:air":0,"minecraft:bread":145,"minecraft:jungle_planks":56,"minecraft:gold_nugget":63,"minecraft:anvil":2,"minecraft:acacia_planks":28,"minecraft:torch":292,"minecraft:diamond_chestplate":58},"minecraft:broken":{"minecraft:diamond_helmet":1,"takesapillage:ravager_horn":1,"minecraft:diamond_leggings":1,"minecraft:iron_axe":3,"minecraft:iron_pickaxe":2,"minecraft:wooden_hoe":3,"minecraft:diamond_boots":1,"minecraft:stone_axe":6,"minecraft:wooden_axe":9,"minecraft:diamond_chestplate":1},"minecraft:killed_by":{"born_in_chaos_v1:nightmare_stalker":1,"minecraft:husk":1,"iceandfire:ghost":3,"minecraft:cave_spider":1,"iceandfire:ice_dragon":1,"cataclysm:deepling_brute":1,"iceandfire:fire_dragon":4,"minecraft:player":1,"minecraft:skeleton":2},"minecraft:killed":{"minecraft:cave_spider":6,"born_in_chaos_v1:zombie_lumberjack":16,"born_in_chaos_v1:restless_spirit":8,"born_in_chaos_v1:skeleton_demoman":4,"born_in_chaos_v1:door_knight_not_despawn":8,"born_in_chaos_v1:siamese_skeletonsright":10,"minecraft:skeleton":106,"graveyard:acolyte":2,"creeperoverhaul:jungle_creeper":2,"born_in_chaos_v1:supreme_bonescaller_stage_2":2,"irons_spellbooks:archevoker":2,"call_of_yucutan:mitnal_monkey":4,"minecraft:pillager":116,"minecraft:zombie":26,"born_in_chaos_v1:corpse_fly":30,"iceandfire:lightning_dragon":2,"born_in_chaos_v1:door_knight":8,"takesapillage:archer":32,"iceandfire:sea_serpent":10,"minecraft:cow":44,"minecraft:evoker":12,"minecraft:vindicator":48,"born_in_chaos_v1:dire_hound_leader":2,"iceandfire:siren":6,"minecraft:husk":8,"born_in_chaos_v1:bone_imp_minion":10,"iceandfire:cyclops":2,"minecraft:ravager":12,"born_in_chaos_v1:decrepit_skeleton":40,"iceandfire:ghost":2,"born_in_chaos_v1:dark_vortex":2,"iceandfire:ice_dragon":12,"minecraft:enderman":4,"born_in_chaos_v1:zombie_clown":4,"minecraft:witch":16,"graveyard:skeleton_creeper":2,"irons_spellbooks:priest":2,"minecraft:spider":18,"creeperoverhaul:bamboo_creeper":2,"minecraft:silverfish":44,"irons_spellbooks:summoned_skeleton":4,"sleep_tight:bedbug":4,"minecraft:pig":4,"alexsmobs:grizzly_bear":4,"born_in_chaos_v1:diamond_termite":28,"minecraft:zombie_villager":12,"irons_spellbooks:necromancer":4,"minecraft:creeper":14,"mowziesmobs:lantern":2,"minecraft:sheep":4,"born_in_chaos_v1:zombie_fisherman":4,"cataclysm:deepling_brute":2,"born_in_chaos_v1:dread_hound":16,"alexsmobs:komodo_dragon":2,"born_in_chaos_v1:siamese_skeletonsleft":10,"minecraft:vex":22,"born_in_chaos_v1:missioner":2,"irons_spellbooks:summoned_zombie":12,"caneswonderfulspidersoverhaul:cobbleshell_spider":6,"takesapillage:legioner":16,"born_in_chaos_v1:zombie_bruiser":10,"born_in_chaos_v1:maggot":40,"minecraft:phantom":4,"iceandfire:fire_dragon":10,"minecraft:drowned":6,"born_in_chaos_v1:siamese_skeletons":2,"born_in_chaos_v1:baby_skeleton":24,"born_in_chaos_v1:swarmer":2,"creeperoverhaul:spruce_creeper":6,"takesapillage:skirmisher":14,"minecraft:hoglin":24,"born_in_chaos_v1:nightmare_stalker":4,"minecraft:wither_skeleton":16,"minecraft:player":1},"minecraft:used":{"minecraft:spruce_slab":12,"iceandfire:dragon_skull_ice":8,"minecraft:ladder":5,"minecraft:chest":38,"minecraft:stone":2,"minecraft:acacia_sapling":2,"minecraft:spruce_boat":3,"minecraft:jungle_sapling":3,"minecraft:birch_sapling":455,"minecraft:stone_brick_stairs":1,"minecraft:bow":1129,"minecraft:dark_oak_boat":5,"minecraft:oak_sapling":10,"minecraft:furnace":5,"minecraft:mossy_stone_bricks":3,"minecraft:damaged_anvil":2,"minecraft:stripped_birch_log":1,"minecraft:orange_tulip":1,"minecraft:blackstone":1,"minecraft:composter":1,"minecraft:jungle_boat":1,"minecraft:golden_apple":13,"minecraft:blast_furnace":8,"minecraft:birch_fence":4,"minecraft:lectern":39,"minecraft:lilac":1,"minecraft:diamond_sword":1008,"minecraft:wooden_sword":10,"minecraft:smithing_table":2,"minecraft:birch_log":9,"minecraft:enchanting_table":1,"minecraft:torch":260,"minecraft:anvil":2,"minecraft:stone_stairs":3,"minecraft:iron_axe":602,"minecraft:totem_of_undying":1,"minecraft:diamond_chestplate":1,"minecraft:tripwire_hook":1,"minecraft:goat_horn":1,"minecraft:cobbled_deepslate":147,"minecraft:cherry_log":1,"minecraft:calcite":4,"minecraft:water_bucket":89,"minecraft:birch_planks":1262,"farmersdelight:golden_knife":4,"minecraft:cherry_planks":1,"minecraft:fletching_table":24,"iceandfire:dragon_skull_lightning":1,"biome_backlog:palm_planks":26,"minecraft:cracked_stone_bricks":4,"minecraft:crafting_table":37,"minecraft:red_bed":21,"minecraft:white_bed":14,"minecraft:cake":6,"minecraft:spruce_log":8,"minecraft:oak_log":1,"minecraft:diamond_pickaxe":166,"minecraft:diamond_shovel":257,"biome_backlog:palm_leaves_hanging":1,"minecraft:iron_pickaxe":1148,"minecraft:spruce_sapling":78,"minecraft:cobblestone":103,"minecraft:purple_bed":2,"minecraft:cooked_porkchop":1,"minecraft:diamond_leggings":2,"minecraft:moss_carpet":2,"minecraft:iron_shovel":98,"minecraft:bone_block":3,"gobber2:gobber2_gooey_bread":2,"minecraft:shield":16,"minecraft:iron_sword":130,"minecraft:bell":1,"minecraft:iron_chestplate":1,"minecraft:jungle_planks":38,"minecraft:tuff":9,"born_in_chaos_v1:corpse_maggot":2,"minecraft:stone_bricks":7,"minecraft:item_frame":9,"minecraft:red_carpet":1,"minecraft:brown_carpet":1,"minecraft:magma_block":3,"minecraft:hay_block":3,"minecraft:gray_bed":6,"minecraft:dark_oak_sapling":12,"minecraft:dark_oak_stairs":1,"minecraft:diamond_boots":3,"minecraft:oak_planks":1,"minecraft:diamond_axe":5204,"minecraft:blue_bed":5,"minecraft:white_wool":6,"minecraft:shears":3,"minecraft:dark_oak_log":3,"minecraft:melon_slice":20,"minecraft:bread":161,"minecraft:cyan_bed":2,"minecraft:brown_wool":10,"minecraft:string":1,"minecraft:gravel":5,"iceandfire:dragon_skull_fire":7,"minecraft:grindstone":3,"minecraft:coarse_dirt":2,"minecraft:cobweb":5,"minecraft:azalea":1,"minecraft:spruce_planks":146,"minecraft:cooked_chicken":2,"minecraft:dirt":26,"minecraft:white_carpet":1,"minecraft:diamond_helmet":3,"minecraft:spruce_fence":1,"minecraft:wooden_axe":515,"minecraft:dark_oak_planks":77,"minecraft:bookshelf":17,"gobber2:gobber2_gooey_beef":3,"minecraft:golden_carrot":128,"minecraft:cooked_beef":9,"minecraft:light_gray_bed":4,"minecraft:iron_leggings":1,"minecraft:brown_bed":13,"minecraft:cooked_mutton":1,"minecraft:baked_potato":3,"minecraft:birch_boat":9,"minecraft:green_bed":4,"minecraft:stripped_dark_oak_log":1,"minecraft:painting":2,"minecraft:dark_oak_door":1,"minecraft:wooden_hoe":152,"minecraft:black_wool":5,"minecraft:apple":9,"minecraft:stone_axe":943,"minecraft:turtle_helmet":1,"minecraft:white_banner":2,"minecraft:bucket":89,"minecraft:yellow_bed":12,"minecraft:pumpkin_pie":5,"takesapillage:ravager_horn":1,"minecraft:chainmail_leggings":1},"minecraft:dropped":{"minecraft:iron_sword":1,"call_of_yucutan:elder_bone":1,"minecraft:glass_bottle":2,"minecraft:cooked_porkchop":9,"minecraft:crossbow":5,"minecraft:cookie":144,"minecraft:cracked_stone_bricks":1,"minecraft:fletching_table":4,"born_in_chaos_v1:nightmare_claw":1,"graveyard:corruption":1,"minecraft:red_carpet":1,"minecraft:emerald":11,"born_in_chaos_v1:monster_flesh":27,"minecraft:dirt":21,"irons_spellbooks:arcane_essence":3,"minecraft:jungle_sapling":1,"minecraft:wooden_sword":1,"minecraft:sugar":3,"minecraft:dark_oak_planks":10,"minecraft:white_wool":2,"minecraft:cyan_carpet":2,"minecraft:bone":11,"minecraft:stone_axe":1,"minecraft:sugar_cane":6,"minecraft:iron_nugget":20,"minecraft:golden_chestplate":1,"minecraft:cobbled_deepslate":246,"minecraft:wheat":19,"minecraft:birch_sapling":61,"minecraft:rotten_flesh":45,"minecraft:glowstone_dust":4,"minecraft:dead_fire_coral_block":3,"born_in_chaos_v1:fangofthe_hound_leader":2,"minecraft:spruce_slab":5,"minecraft:stone_brick_stairs":2,"minecraft:dead_tube_coral_block":4,"minecraft:egg":1,"minecraft:iron_ingot":16,"born_in_chaos_v1:shattered_skull":1,"minecraft:wheat_seeds":20,"endrem:witch_pupil":1,"minecraft:iron_helmet":1,"minecraft:cobblestone":84,"minecraft:prismarine_crystals":4,"minecraft:chainmail_helmet":1,"born_in_chaos_v1:gnawed_bones":1,"minecraft:rose_bush":4,"minecraft:diamond_helmet":4,"minecraft:oak_stairs":3,"minecraft:white_banner":2,"minecraft:chainmail_leggings":1,"minecraft:spruce_sapling":8,"artifacts:digging_claws":1,"iceandfire:dragon_skull_fire":1,"minecraft:lily_pad":2,"minecraft:pink_tulip":4,"iceandfire:silver_nugget":35,"minecraft:moss_carpet":1,"biome_backlog:palm_leaves_hanging":43,"minecraft:smooth_stone_slab":2,"minecraft:white_carpet":3,"minecraft:clay_ball":34,"iceandfire:dragon_skull_ice":1,"minecraft:stone_slab":21,"minecraft:light_gray_concrete":1,"minecraft:spruce_fence":1,"minecraft:diamond_sword":3,"minecraft:spruce_planks":61,"minecraft:stone_bricks":7,"artifacts:onion_ring":2,"minecraft:brown_bed":1,"minecraft:spider_eye":2,"minecraft:bow":1,"minecraft:black_wool":2,"minecraft:moss_block":1,"minecraft:brown_mushroom":6,"minecraft:birch_planks":11,"minecraft:diamond_axe":1,"minecraft:dark_oak_sapling":5,"ecologics:coconut_slice":4,"minecraft:lantern":1,"minecraft:leather":8,"minecraft:jungle_planks":3,"minecraft:birch_slab":2,"minecraft:flint":5,"minecraft:dark_oak_log":4,"born_in_chaos_v1:monster_skin":11,"minecraft:mutton":1,"minecraft:snowball":96,"minecraft:glistering_melon_slice":12,"gobber2:gobber2_gooey_bread":1,"minecraft:blackstone":3,"minecraft:soul_lantern":1,"born_in_chaos_v1:ethereal_spirit":2,"minecraft:poppy":1,"minecraft:gunpowder":1,"minecraft:melon_seeds":1,"minecraft:beetroot_seeds":3,"born_in_chaos_v1:corpse_maggot":12,"minecraft:chainmail_boots":3,"minecraft:basalt":14,"minecraft:iron_bars":4,"minecraft:arrow":84,"minecraft:scaffolding":1,"domesticationinnovation:collar_tag":1,"minecraft:bread":117,"minecraft:lilac":2,"minecraft:diamond_leggings":2,"minecraft:prismarine_shard":5,"minecraft:acacia_log":2,"minecraft:stick":27,"farmersdelight:golden_knife":1,"minecraft:white_concrete":1,"minecraft:smooth_quartz":1,"born_in_chaos_v1:fused_bone":2,"minecraft:iron_leggings":2,"minecraft:iron_axe":2,"minecraft:redstone":1,"minecraft:light_gray_terracotta":4,"minecraft:tuff":56,"minecraft:filled_map":1,"minecraft:diamond_chestplate":2,"minecraft:iron_chestplate":7,"minecraft:mossy_stone_bricks":1,"minecraft:oak_sapling":1,"minecraft:diamond_boots":2,"artifacts:cross_necklace":1,"minecraft:raw_gold":1,"minecraft:wooden_pickaxe":1},"minecraft:picked_up":{"minecraft:iron_chestplate":7,"minecraft:chainmail_boots":5,"minecraft:prismarine_shard":5,"minecraft:smithing_table":1,"minecraft:lead":5,"minecraft:diamond_sword":2,"minecraft:oak_stairs":3,"minecraft:brown_bed":15,"irons_spellbooks:holy_rune":1,"minecraft:brewing_stand":2,"minecraft:string":145,"call_of_yucutan:polished_ritual_rock_stairs":2,"minecraft:diamond_leggings":1,"minecraft:gold_nugget":77,"minecraft:cobbled_deepslate":394,"minecraft:spruce_planks":53,"minecraft:melon_slice":32,"minecraft:coal_block":4,"minecraft:dark_oak_door":1,"born_in_chaos_v1:shattered_skull":2,"minecraft:composter":3,"minecraft:green_bed":4,"minecraft:acacia_log":9,"call_of_yucutan:red_limestone":2,"iceandfire:lightning_dragon_flesh":7,"minecraft:golden_axe":3,"minecraft:cherry_log":2,"minecraft:golden_chestplate":1,"minecraft:brown_carpet":1,"minecraft:light_gray_bed":4,"iceandfire:fire_dragon_heart":4,"minecraft:carved_pumpkin":2,"minecraft:iron_bars":4,"minecraft:snowball":67,"minecraft:birch_log":3051,"minecraft:magma_block":3,"minecraft:cooked_beef":56,"minecraft:birch_slab":2,"born_in_chaos_v1:spiritual_dust":4,"minecraft:water_bucket":1,"minecraft:jungle_log":6,"minecraft:dark_oak_boat":2,"minecraft:jungle_wood":9,"minecraft:flint":40,"minecraft:lantern":1,"minecraft:stonecutter":6,"minecraft:diamond_helmet":2,"minecraft:glowstone_dust":4,"minecraft:moss_block":5,"iceandfire:dragonscales_sapphire":90,"iceandfire:dragon_skull_fire":8,"iceandfire:shiny_scales":9,"minecraft:stripped_spruce_log":8,"iceandfire:lightning_dragon_heart":1,"minecraft:dark_oak_log":960,"minecraft:writable_book":2,"minecraft:chainmail_helmet":1,"minecraft:bread":28,"born_in_chaos_v1:rotten_fish":1,"iceandfire:dragon_skull_lightning":1,"minecraft:coarse_dirt":2,"minecraft:crafting_table":2,"iceandfire:witherbone":4,"minecraft:clay_ball":38,"iceandfire:sea_serpent_scales_blue":10,"minecraft:red_bed":21,"minecraft:white_carpet":1,"minecraft:iron_shovel":1,"minecraft:cracked_stone_bricks":5,"minecraft:beef":6,"born_in_chaos_v1:gnawed_bones":1,"minecraft:jungle_sapling":5,"minecraft:iron_nugget":20,"minecraft:poppy":1,"minecraft:spruce_slab":5,"minecraft:chest":7,"iceandfire:dragonscales_electric":8,"minecraft:birch_sapling":622,"minecraft:egg":1,"minecraft:spruce_fence":2,"minecraft:carrot":2,"minecraft:redstone":6,"minecraft:prismarine_crystals":4,"iceandfire:dragon_skull_ice":10,"irons_spellbooks:evocation_rune":1,"minecraft:stone_shovel":1,"minecraft:diamond_chestplate":1,"minecraft:beetroot_seeds":3,"iceandfire:dragonscales_silver":10,"minecraft:diamond_boots":1,"minecraft:hay_block":164,"minecraft:gold_ingot":3,"minecraft:totem_of_undying":6,"minecraft:polished_blackstone":2,"minecraft:glow_berries":2,"minecraft:mutton":3,"minecraft:white_wool":45,"minecraft:bone_block":19,"iceandfire:sea_serpent_fang":34,"born_in_chaos_v1:monster_flesh":31,"minecraft:tripwire_hook":1,"minecraft:filled_map":1,"minecraft:oak_log":187,"minecraft:lily_pad":3,"minecraft:golden_boots":1,"iceandfire:dragonscales_blue":18,"minecraft:blue_bed":5,"minecraft:paper":9,"minecraft:white_banner":12,"minecraft:apple":15,"minecraft:stone_bricks":15,"minecraft:stone_pickaxe":4,"minecraft:glass_bottle":6,"minecraft:gray_bed":6,"minecraft:dark_oak_stairs":1,"endrem:witch_pupil":1,"born_in_chaos_v1:orbofthe_summoner":1,"born_in_chaos_v1:ethereal_spirit":5,"minecraft:gravel":273,"minecraft:dead_fire_coral_block":3,"minecraft:spruce_sapling":171,"born_in_chaos_v1:fangofthe_hound_leader":2,"minecraft:spruce_log":1723,"minecraft:purple_bed":2,"minecraft:stone_axe":1,"minecraft:diamond_axe":1,"minecraft:painting":1,"iceandfire:ice_dragon_flesh":12,"minecraft:baked_potato":1,"minecraft:melon_seeds":2,"minecraft:stripped_dark_oak_log":1,"minecraft:ender_pearl":2,"irons_spellbooks:scroll":3,"minecraft:wheat":3,"minecraft:potion":1,"minecraft:stone_brick_stairs":5,"minecraft:dead_tube_coral_block":4,"minecraft:smooth_stone_slab":2,"minecraft:iron_leggings":2,"minecraft:sticky_piston":2,"iceandfire:sea_serpent_scales_bronze":2,"irons_spellbooks:arcane_essence":7,"minecraft:bucket":1,"minecraft:rose_bush":4,"minecraft:calcite":4,"minecraft:azalea":1,"nethersdelight:hoglin_sirloin":34,"minecraft:smooth_quartz":1,"minecraft:furnace":1,"minecraft:stick":550,"minecraft:torch":17,"iceandfire:dragonscales_white":9,"born_in_chaos_v1:nightmare_claw":1,"minecraft:rotten_flesh":74,"minecraft:obsidian":5,"minecraft:cobblestone":279,"minecraft:lilac":3,"alexsmobs:bear_fur":2,"minecraft:tuff":65,"minecraft:lapis_lazuli":35,"minecraft:dirt":50,"minecraft:stripped_birch_log":1,"iceandfire:dragonscales_bronze":28,"born_in_chaos_v1:monster_skin":12,"irons_spellbooks:hogskin":34,"minecraft:bone":104,"minecraft:orange_tulip":1,"minecraft:bow":1,"gobber2:gobber2_gooey_beef":9,"minecraft:wheat_seeds":33,"minecraft:raw_gold":17,"minecraft:bell":1,"minecraft:grindstone":2,"minecraft:mossy_stone_bricks":4,"minecraft:fletching_table":19,"minecraft:bamboo":1,"minecraft:oak_planks":1,"biome_backlog:palm_leaves_hanging":44,"gobber2:gobber2_gooey_bread":3,"minecraft:cooked_porkchop":10,"minecraft:jungle_planks":3,"minecraft:sand":98,"minecraft:cyan_bed":2,"call_of_yucutan:elder_bone":1,"minecraft:light_gray_concrete":1,"minecraft:light_gray_terracotta":5,"minecraft:sugar":3,"minecraft:diamond":18,"minecraft:soul_lantern":1,"minecraft:crossbow":5,"minecraft:grass":2,"minecraft:white_concrete":5,"minecraft:emerald":101,"minecraft:oak_sapling":61,"irons_spellbooks:uncommon_ink":1,"iceandfire:silver_nugget":51,"gobber2:gobber2_goo":6,"minecraft:charcoal":2,"born_in_chaos_v1:diamond_termite_shard":14,"minecraft:chicken":1,"minecraft:ladder":5,"minecraft:brown_mushroom":6,"minecraft:gold_block":2,"minecraft:shield":1,"minecraft:stone_stairs":3,"minecraft:moss_carpet":4,"minecraft:iron_axe":4,"minecraft:wooden_sword":1,"minecraft:item_frame":8,"minecraft:cyan_carpet":4,"minecraft:birch_fence":3,"takesapillage:ravager_horn":3,"minecraft:blackstone":4,"graveyard:corruption":1,"irons_spellbooks:epic_ink":2,"minecraft:lectern":48,"minecraft:sugar_cane":76,"crittersandcompanions:clam":2,"minecraft:phantom_membrane":1,"iceandfire:ice_dragon_heart":7,"minecraft:dark_oak_sapling":59,"minecraft:raw_iron":117,"iceandfire:dragonbone":146,"iceandfire:dragonscales_green":40,"ecologics:coconut_slice":6,"minecraft:copper_ingot":1,"minecraft:bowl":1,"minecraft:dark_oak_planks":22,"iceandfire:sea_serpent_scales_purple":12,"minecraft:arrow":78,"minecraft:pumpkin_pie":1,"iceandfire:chared_dirt":1,"artifacts:cross_necklace":1,"minecraft:pink_tulip":4,"born_in_chaos_v1:trident_hayfork":1,"born_in_chaos_v1:fused_bone":6,"born_in_chaos_v1:corpse_maggot":29,"minecraft:basalt":14,"artifacts:digging_claws":1,"minecraft:leather":55,"minecraft:birch_planks":39,"artifacts:onion_ring":2,"minecraft:chainmail_chestplate":3,"minecraft:yellow_bed":12,"minecraft:gunpowder":10,"irons_spellbooks:rare_ink":2,"minecraft:cooked_mutton":1,"minecraft:red_carpet":2,"minecraft:iron_ingot":124,"minecraft:cooked_chicken":1,"biome_backlog:palm_log":8,"iceandfire:sea_serpent_scales_deepblue":2,"iceandfire:fire_dragon_flesh":9,"minecraft:acacia_sapling":2,"minecraft:book":413,"minecraft:scaffolding":1,"minecraft:oak_slab":5,"minecraft:emerald_block":1,"minecraft:birch_boat":5,"minecraft:pumpkin":18,"iceandfire:ash":1,"minecraft:blast_furnace":19,"minecraft:white_bed":7,"minecraft:spider_eye":2,"minecraft:chainmail_leggings":4,"iceandfire:sea_serpent_scales_red":3,"minecraft:damaged_anvil":3,"minecraft:black_wool":3,"iceandfire:chared_gravel":2,"minecraft:coal":66},"minecraft:mined":{"minecraft:dark_oak_planks":7,"minecraft:white_bed":7,"minecraft:cherry_log":1,"minecraft:obsidian":5,"minecraft:carved_pumpkin":2,"ecologics:surface_moss":1,"minecraft:acacia_log":10,"minecraft:jungle_log":3,"minecraft:light_gray_bed":4,"minecraft:coal_block":4,"minecraft:spawner":36,"minecraft:magma_block":3,"minecraft:cobbled_deepslate":8,"minecraft:barrel":3,"minecraft:fire":7,"minecraft:pumpkin":18,"minecraft:moss_carpet":1,"minecraft:deepslate_lapis_ore":5,"minecraft:fletching_table":19,"minecraft:cave_vines":2,"minecraft:light_gray_concrete":1,"minecraft:pink_tulip":3,"minecraft:tripwire":1,"minecraft:piston_head":4,"minecraft:red_bed":22,"minecraft:powder_snow":23,"born_in_chaos_v1:infected_deepslate_diamond_ore":7,"minecraft:torch":2,"minecraft:blast_furnace":19,"minecraft:melon":6,"minecraft:glass":1,"minecraft:cyan_bed":2,"minecraft:sugar_cane":46,"minecraft:damaged_anvil":3,"mca:cross_headstone":2,"minecraft:birch_sapling":50,"minecraft:jungle_wood":9,"minecraft:wheat":1,"minecraft:lilac":4,"minecraft:stone_brick_stairs":3,"minecraft:grass":118,"minecraft:smooth_quartz":1,"minecraft:stonecutter":7,"minecraft:deepslate":438,"minecraft:deepslate_tiles":6,"minecraft:light_gray_stained_glass_pane":1,"minecraft:stripped_birch_log":1,"minecraft:dark_oak_log":1055,"minecraft:jungle_planks":2,"born_in_chaos_v1:black_argillite":2,"minecraft:redstone_wire":1,"minecraft:moss_block":18,"minecraft:kelp":1,"minecraft:snow":12,"iceandfire:chared_gravel":2,"minecraft:andesite":15,"minecraft:vine":3,"minecraft:bone_block":18,"minecraft:cake":1,"minecraft:white_wool":12,"minecraft:smithing_table":1,"minecraft:birch_stairs":1,"minecraft:glass_pane":2,"minecraft:brown_stained_glass_pane":2,"minecraft:brown_carpet":1,"minecraft:copper_ore":2,"minecraft:tall_grass":31,"minecraft:deepslate_gold_ore":17,"minecraft:purple_bed":2,"minecraft:coarse_dirt":2,"minecraft:white_carpet":1,"minecraft:spruce_log":1833,"minecraft:birch_leaves":8,"minecraft:dripstone_block":1,"minecraft:gravel":289,"minecraft:cobweb":88,"minecraft:stone_bricks":11,"minecraft:fern":12,"minecraft:spruce_planks":16,"minecraft:oak_sapling":1,"minecraft:brewing_stand":2,"minecraft:grass_block":30,"minecraft:dead_tube_coral_block":4,"gobber2:gobber2_lucky_block":4,"unusualprehistory:plant_fossil":11,"minecraft:white_concrete":6,"minecraft:composter":4,"minecraft:iron_ore":61,"minecraft:dark_oak_stairs":1,"minecraft:brown_bed":14,"minecraft:pointed_dripstone":7,"minecraft:iron_bars":4,"minecraft:azalea":1,"minecraft:spruce_slab":1,"minecraft:green_bed":4,"minecraft:blackstone":4,"minecraft:dead_bubble_coral_block":1,"minecraft:clay":37,"minecraft:light_gray_terracotta":3,"minecraft:calcite":5,"minecraft:chest":7,"minecraft:cobblestone":37,"minecraft:grindstone":2,"minecraft:oak_planks":1,"minecraft:wall_torch":5,"minecraft:stone_stairs":6,"call_of_yucutan:red_limestone":2,"minecraft:birch_log":3084,"unusualprehistory:stone_fossil":5,"minecraft:cracked_deepslate_tiles":2,"sleep_tight:infested_bed":2,"minecraft:oak_log":215,"minecraft:sand":98,"minecraft:dirt":19,"call_of_yucutan:ritual_rock_tiles":1,"minecraft:oak_leaves":6,"minecraft:emerald_block":1,"minecraft:red_carpet":2,"minecraft:tuff":55,"minecraft:deepslate_diamond_ore":18,"born_in_chaos_v1:infected_diamond_ore":4,"minecraft:glow_lichen":2,"minecraft:ladder":8,"minecraft:birch_slab":3,"iceandfire:chared_dirt":1,"minecraft:spruce_leaves":24,"minecraft:large_fern":3,"minecraft:hay_block":155,"minecraft:deepslate_brick_slab":3,"minecraft:furnace":1,"minecraft:spruce_sapling":24,"call_of_yucutan:polished_ritual_rock_stairs":2,"minecraft:acacia_stairs":3,"minecraft:stripped_spruce_log":7,"minecraft:peony":1,"minecraft:gold_block":2,"minecraft:bell":1,"minecraft:dead_horn_coral_block":2,"minecraft:bookshelf":139,"minecraft:shroomlight":1,"minecraft:deepslate_iron_ore":38,"minecraft:stone":305,"minecraft:podzol":3,"minecraft:flowering_azalea":1,"minecraft:acacia_leaves":3,"minecraft:scaffolding":1,"minecraft:snow_block":11,"minecraft:basalt":7,"minecraft:crafting_table":2,"minecraft:rose_bush":3,"minecraft:lectern":48,"minecraft:stone_slab":1,"minecraft:deepslate_coal_ore":17,"minecraft:lapis_ore":1,"minecraft:blue_bed":5,"minecraft:dead_fire_coral_block":3,"minecraft:birch_planks":32,"minecraft:gray_bed":6,"gobber2:gobber2_lucky_block_deepslate":19,"minecraft:white_wall_banner":1,"minecraft:yellow_bed":12,"minecraft:black_wool":4,"minecraft:dead_brain_coral_block":1,"minecraft:coal_ore":26,"biome_backlog:palm_log":7,"minecraft:cyan_carpet":3,"minecraft:cracked_stone_bricks":3,"minecraft:stripped_acacia_wood":2,"minecraft:mossy_stone_bricks":1,"minecraft:birch_fence":3},"minecraft:custom":{"minecraft:interact_with_crafting_table":114,"minecraft:open_barrel":84,"goblintraders:trade_with_goblin":70,"minecraft:bell_ring":49,"minecraft:eat_cake_slice":5,"minecraft:leave_game":68,"minecraft:time_since_death":74370,"minecraft:damage_blocked_by_shield":390,"minecraft:play_time":1098035,"minecraft:deaths":18,"minecraft:jump":25327,"minecraft:enchant_item":20,"minecraft:interact_with_furnace":46,"minecraft:traded_with_villager":2156,"minecraft:sleep_in_bed":58,"minecraft:damage_dealt":81350,"minecraft:interact_with_smoker":4,"minecraft:interact_with_smithing_table":6,"minecraft:interact_with_anvil":37,"minecraft:damage_dealt_absorbed":57,"minecraft:sneak_time":74541,"minecraft:interact_with_lectern":3,"minecraft:interact_with_blast_furnace":18,"minecraft:total_world_time":1098035,"minecraft:time_since_rest":74397,"minecraft:swim_one_cm":195119,"minecraft:fly_one_cm":5010746,"minecraft:open_chest":672,"minecraft:fall_one_cm":769531,"minecraft:animals_bred":2,"minecraft:sprint_one_cm":2100189,"minecraft:drop":419,"minecraft:talked_to_villager":71,"minecraft:walk_on_water_one_cm":174148,"minecraft:crouch_one_cm":241791,"minecraft:mob_kills":546,"minecraft:interact_with_campfire":2,"minecraft:damage_dealt_resisted":4613,"minecraft:climb_one_cm":46976,"minecraft:walk_one_cm":2286904,"minecraft:raid_win":1,"minecraft:walk_under_water_one_cm":136127,"minecraft:boat_one_cm":44,"minecraft:raid_trigger":1,"minecraft:interact_with_grindstone":44,"minecraft:damage_taken":2147483647,"minecraft:damage_absorbed":463,"minecraft:trigger_trapped_chest":2}},"DataVersion":3465}