{"stats":{"minecraft:crafted":{"minecraft:wooden_hoe":1,"minecraft:acacia_planks":28,"minecraft:crafting_table":2,"minecraft:stick":4,"minecraft:wooden_axe":1},"minecraft:custom":{"minecraft:open_chest":4,"minecraft:time_since_rest":5899,"minecraft:crouch_one_cm":5896,"minecraft:play_time":5899,"minecraft:sprint_one_cm":5788,"minecraft:damage_taken":30,"minecraft:walk_one_cm":13072,"minecraft:sneak_time":710,"minecraft:jump":51,"minecraft:time_since_death":5899,"minecraft:total_world_time":5899,"minecraft:interact_with_crafting_table":2,"minecraft:fall_one_cm":1655,"minecraft:fly_one_cm":6713},"minecraft:mined":{"minecraft:hay_block":42,"minecraft:grass":2,"minecraft:acacia_log":10,"minecraft:melon":1,"minecraft:acacia_leaves":1,"minecraft:red_bed":1},"minecraft:picked_up":{"minecraft:acacia_log":7,"minecraft:hay_block":42,"minecraft:melon_slice":6,"minecraft:red_bed":1},"minecraft:used":{"minecraft:wooden_hoe":44,"minecraft:wooden_axe":8,"minecraft:crafting_table":2,"minecraft:melon_slice":3}},"DataVersion":3465}