{"stats":{"minecraft:dropped":{"minecraft:iron_ingot":2,"minecraft:bread":105,"minecraft:birch_planks":4,"minecraft:wheat_seeds":1,"minecraft:lilac":2,"minecraft:cobblestone":1,"minecraft:lantern":1,"minecraft:red_carpet":1,"minecraft:stick":8,"minecraft:dirt":8,"minecraft:dark_oak_log":2,"minecraft:rose_bush":4,"irons_spellbooks:arcane_essence":3,"minecraft:lily_pad":2,"artifacts:digging_claws":1,"minecraft:pink_tulip":4,"minecraft:moss_carpet":1,"minecraft:sugar_cane":6,"minecraft:light_gray_terracotta":4,"minecraft:birch_sapling":57,"minecraft:white_carpet":3,"minecraft:rotten_flesh":6,"minecraft:spruce_fence":1,"minecraft:spruce_planks":38,"born_in_chaos_v1:corpse_maggot":1,"minecraft:wooden_pickaxe":1,"minecraft:scaffolding":1,"domesticationinnovation:collar_tag":1,"minecraft:black_wool":2},"minecraft:mined":{"minecraft:red_carpet":1,"minecraft:spruce_planks":1,"minecraft:white_bed":7,"minecraft:oak_sapling":1,"minecraft:dark_oak_log":112,"minecraft:brewing_stand":1,"minecraft:acacia_log":10,"minecraft:grass_block":10,"minecraft:light_gray_bed":1,"minecraft:white_concrete":5,"minecraft:spruce_leaves":1,"minecraft:spawner":9,"minecraft:hay_block":134,"minecraft:furnace":1,"minecraft:fire":1,"minecraft:stripped_spruce_log":7,"minecraft:moss_carpet":1,"minecraft:fletching_table":10,"minecraft:brown_bed":5,"minecraft:bell":1,"minecraft:bookshelf":134,"minecraft:deepslate_iron_ore":2,"minecraft:vine":1,"minecraft:pink_tulip":3,"minecraft:smithing_table":1,"minecraft:stone":41,"minecraft:bone_block":9,"minecraft:white_wool":11,"minecraft:cake":1,"minecraft:green_bed":4,"minecraft:tripwire":1,"minecraft:scaffolding":1,"minecraft:acacia_leaves":3,"minecraft:glass_pane":2,"minecraft:red_bed":21,"minecraft:brown_stained_glass_pane":2,"minecraft:brown_carpet":1,"minecraft:crafting_table":1,"minecraft:light_gray_terracotta":2,"minecraft:blast_furnace":16,"minecraft:calcite":5,"minecraft:melon":6,"minecraft:rose_bush":3,"minecraft:lectern":7,"minecraft:glass":1,"minecraft:cobblestone":1,"minecraft:tall_grass":2,"minecraft:cyan_bed":2,"minecraft:sugar_cane":2,"minecraft:wall_torch":2,"minecraft:blue_bed":4,"minecraft:birch_planks":28,"minecraft:purple_bed":2,"minecraft:birch_log":824,"minecraft:wheat":1,"minecraft:lilac":4,"minecraft:white_carpet":1,"minecraft:gray_bed":4,"minecraft:birch_leaves":8,"minecraft:white_wall_banner":1,"minecraft:yellow_bed":12,"minecraft:stone_brick_stairs":2,"minecraft:black_wool":4,"minecraft:grass":43,"minecraft:oak_log":38,"minecraft:cyan_carpet":3,"minecraft:gravel":31,"minecraft:dirt":3,"minecraft:cobweb":9,"minecraft:stonecutter":3,"minecraft:deepslate":1,"minecraft:fern":4},"minecraft:killed":{"irons_spellbooks:summoned_zombie":6,"born_in_chaos_v1:restless_spirit":2,"born_in_chaos_v1:zombie_lumberjack":2,"born_in_chaos_v1:door_knight_not_despawn":2,"minecraft:spider":2,"born_in_chaos_v1:maggot":4,"minecraft:skeleton":16,"born_in_chaos_v1:decrepit_skeleton":6,"minecraft:sheep":2,"iceandfire:ghost":2,"born_in_chaos_v1:dread_hound":2,"born_in_chaos_v1:corpse_fly":2,"born_in_chaos_v1:nightmare_stalker":2,"minecraft:cow":8},"minecraft:killed_by":{"minecraft:husk":1,"born_in_chaos_v1:nightmare_stalker":1,"iceandfire:ice_dragon":1,"minecraft:skeleton":2,"iceandfire:ghost":3,"iceandfire:fire_dragon":4},"minecraft:crafted":{"minecraft:wooden_sword":1,"minecraft:dark_oak_boat":1,"minecraft:birch_boat":2,"minecraft:cooked_chicken":1,"minecraft:furnace":1,"minecraft:white_carpet":3,"minecraft:bow":2,"minecraft:iron_axe":2,"minecraft:chest":1,"minecraft:dark_oak_planks":276,"sophisticatedbackpacks:iron_backpack":1,"minecraft:wheat":432,"minecraft:cooked_beef":6,"minecraft:emerald":69,"minecraft:arrow":112,"sophisticatedbackpacks:backpack":1,"minecraft:crafting_table":17,"minecraft:spruce_planks":28,"minecraft:wooden_pickaxe":1,"sophisticatedbackpacks:gold_backpack":1,"minecraft:fletching_table":12,"minecraft:birch_planks":2305,"minecraft:stone_axe":5,"minecraft:bread":145,"minecraft:air":0,"minecraft:wooden_hoe":3,"minecraft:charcoal":49,"minecraft:flint":30,"minecraft:birch_fence":3,"minecraft:stick":2245,"minecraft:wooden_axe":6,"minecraft:white_bed":7,"minecraft:acacia_planks":28,"minecraft:torch":212,"minecraft:shears":1},"minecraft:custom":{"minecraft:mob_kills":29,"minecraft:open_barrel":44,"minecraft:interact_with_crafting_table":44,"minecraft:interact_with_campfire":2,"minecraft:bell_ring":31,"minecraft:damage_dealt_resisted":14,"minecraft:leave_game":18,"minecraft:time_since_death":38344,"minecraft:climb_one_cm":12552,"minecraft:sprint_one_cm":552266,"minecraft:walk_one_cm":592910,"minecraft:drop":148,"minecraft:play_time":250112,"minecraft:deaths":13,"minecraft:sneak_time":15792,"minecraft:walk_under_water_one_cm":27559,"minecraft:interact_with_lectern":2,"minecraft:jump":5747,"minecraft:interact_with_blast_furnace":2,"minecraft:walk_on_water_one_cm":19647,"minecraft:total_world_time":250112,"minecraft:interact_with_furnace":10,"minecraft:traded_with_villager":81,"minecraft:sleep_in_bed":16,"minecraft:time_since_rest":11904,"minecraft:damage_taken":5685,"minecraft:trigger_trapped_chest":2,"minecraft:damage_dealt":6587,"minecraft:swim_one_cm":32547,"minecraft:fly_one_cm":1257467,"minecraft:open_chest":105,"minecraft:crouch_one_cm":69281,"minecraft:interact_with_smoker":4,"minecraft:fall_one_cm":151000},"minecraft:broken":{"minecraft:iron_axe":2,"minecraft:stone_axe":5,"minecraft:wooden_axe":5,"minecraft:wooden_hoe":3},"minecraft:used":{"minecraft:moss_carpet":2,"minecraft:spruce_planks":1,"minecraft:bell":1,"minecraft:cooked_chicken":1,"minecraft:iron_chestplate":1,"minecraft:torch":57,"minecraft:dirt":1,"minecraft:white_carpet":1,"minecraft:diamond_helmet":2,"minecraft:acacia_sapling":2,"minecraft:jungle_sapling":2,"born_in_chaos_v1:corpse_maggot":1,"minecraft:wooden_axe":336,"minecraft:bookshelf":1,"minecraft:iron_axe":465,"minecraft:birch_sapling":75,"minecraft:item_frame":8,"minecraft:brown_carpet":1,"minecraft:dark_oak_boat":1,"minecraft:furnace":2,"minecraft:oak_sapling":8,"minecraft:gray_bed":4,"minecraft:light_gray_bed":1,"minecraft:brown_bed":5,"minecraft:dark_oak_sapling":8,"minecraft:calcite":4,"minecraft:cooked_mutton":1,"minecraft:birch_planks":1198,"minecraft:baked_potato":2,"minecraft:orange_tulip":1,"minecraft:birch_boat":5,"minecraft:green_bed":2,"minecraft:fletching_table":11,"minecraft:white_wool":1,"minecraft:crafting_table":18,"minecraft:red_bed":19,"minecraft:white_bed":14,"minecraft:painting":2,"minecraft:shears":3,"minecraft:birch_fence":1,"minecraft:oak_log":1,"minecraft:wooden_hoe":152,"minecraft:black_wool":5,"minecraft:dark_oak_log":1,"minecraft:bread":66,"minecraft:string":1,"minecraft:brown_wool":10,"minecraft:melon_slice":20,"minecraft:iron_pickaxe":76,"minecraft:lilac":1,"minecraft:stone_axe":604,"minecraft:wooden_sword":10,"minecraft:cobblestone":2,"minecraft:purple_bed":2,"minecraft:turtle_helmet":1,"minecraft:birch_log":7,"minecraft:yellow_bed":9,"minecraft:cobweb":5},"minecraft:picked_up":{"minecraft:charcoal":2,"minecraft:crafting_table":1,"minecraft:wheat":1,"minecraft:chicken":1,"minecraft:smithing_table":1,"minecraft:brown_bed":5,"minecraft:stone_brick_stairs":2,"minecraft:brewing_stand":1,"minecraft:string":12,"minecraft:red_bed":20,"minecraft:moss_carpet":4,"minecraft:item_frame":7,"minecraft:white_carpet":1,"minecraft:cyan_carpet":2,"irons_spellbooks:arcane_essence":2,"minecraft:cobbled_deepslate":1,"minecraft:spruce_planks":39,"minecraft:beef":6,"minecraft:rose_bush":4,"minecraft:calcite":4,"minecraft:jungle_sapling":2,"minecraft:lectern":7,"minecraft:melon_slice":32,"minecraft:sugar_cane":12,"minecraft:birch_sapling":196,"minecraft:furnace":1,"minecraft:raw_iron":2,"minecraft:dark_oak_sapling":8,"minecraft:stick":119,"minecraft:green_bed":4,"minecraft:torch":3,"minecraft:acacia_log":7,"minecraft:spruce_fence":1,"minecraft:brown_carpet":1,"minecraft:arrow":8,"minecraft:rotten_flesh":7,"minecraft:light_gray_bed":1,"minecraft:hay_block":129,"minecraft:pink_tulip":4,"minecraft:gold_ingot":1,"minecraft:bone_block":8,"minecraft:mutton":2,"minecraft:white_wool":38,"minecraft:cobblestone":41,"minecraft:birch_log":850,"born_in_chaos_v1:corpse_maggot":2,"minecraft:lilac":3,"born_in_chaos_v1:monster_flesh":1,"artifacts:digging_claws":1,"minecraft:leather":4,"minecraft:dark_oak_boat":1,"minecraft:birch_planks":32,"minecraft:flint":1,"minecraft:oak_log":16,"minecraft:lily_pad":2,"minecraft:yellow_bed":12,"minecraft:blue_bed":4,"minecraft:dirt":9,"minecraft:lantern":1,"minecraft:white_banner":1,"minecraft:cooked_mutton":1,"minecraft:bone":8,"minecraft:red_carpet":1,"minecraft:apple":2,"minecraft:stonecutter":3,"minecraft:orange_tulip":1,"minecraft:wheat_seeds":8,"minecraft:bell":1,"minecraft:iron_ingot":8,"minecraft:cooked_chicken":1,"minecraft:fletching_table":10,"minecraft:gray_bed":4,"minecraft:acacia_sapling":2,"minecraft:book":398,"minecraft:scaffolding":1,"minecraft:birch_boat":3,"minecraft:gravel":30,"minecraft:stripped_spruce_log":8,"minecraft:blast_furnace":16,"minecraft:white_bed":7,"minecraft:cyan_bed":2,"minecraft:dark_oak_log":107,"minecraft:light_gray_terracotta":4,"minecraft:purple_bed":2,"minecraft:soul_lantern":1,"minecraft:writable_book":2,"minecraft:painting":1,"minecraft:grass":2,"minecraft:white_concrete":3,"minecraft:bread":15,"minecraft:emerald":1,"minecraft:oak_sapling":12,"minecraft:black_wool":3,"minecraft:melon_seeds":1}},"DataVersion":3465}