{"stats":{"minecraft:used":{"minecraft:moss_carpet":1,"minecraft:spruce_planks":1,"minecraft:cooked_chicken":1,"minecraft:iron_chestplate":1,"minecraft:torch":7,"minecraft:acacia_sapling":2,"minecraft:jungle_sapling":2,"born_in_chaos_v1:corpse_maggot":1,"minecraft:wooden_axe":236,"minecraft:bookshelf":1,"minecraft:iron_axe":222,"minecraft:brown_carpet":1,"minecraft:dark_oak_boat":1,"minecraft:furnace":1,"minecraft:gray_bed":1,"minecraft:cooked_mutton":1,"minecraft:birch_planks":499,"minecraft:baked_potato":2,"minecraft:birch_boat":3,"minecraft:crafting_table":12,"minecraft:red_bed":1,"minecraft:shears":3,"minecraft:wooden_hoe":152,"minecraft:black_wool":5,"minecraft:dark_oak_log":1,"minecraft:melon_slice":20,"minecraft:bread":33,"minecraft:brown_wool":10,"minecraft:string":1,"minecraft:iron_pickaxe":19,"minecraft:stone_axe":97,"minecraft:wooden_sword":10,"minecraft:birch_log":4,"minecraft:cobweb":5},"minecraft:custom":{"minecraft:mob_kills":15,"minecraft:interact_with_crafting_table":18,"minecraft:open_barrel":18,"minecraft:interact_with_campfire":2,"minecraft:damage_dealt_resisted":4,"minecraft:leave_game":12,"minecraft:time_since_death":64873,"minecraft:climb_one_cm":5000,"minecraft:sprint_one_cm":289888,"minecraft:walk_one_cm":277372,"minecraft:drop":21,"minecraft:play_time":131879,"minecraft:deaths":6,"minecraft:sneak_time":7854,"minecraft:walk_under_water_one_cm":1646,"minecraft:jump":3570,"minecraft:walk_on_water_one_cm":4828,"minecraft:total_world_time":131879,"minecraft:interact_with_furnace":6,"minecraft:sleep_in_bed":5,"minecraft:time_since_rest":15817,"minecraft:damage_taken":2813,"minecraft:damage_dealt":2758,"minecraft:swim_one_cm":19312,"minecraft:fly_one_cm":817032,"minecraft:open_chest":63,"minecraft:crouch_one_cm":38512,"minecraft:interact_with_smoker":4,"minecraft:fall_one_cm":103007},"minecraft:picked_up":{"minecraft:crafting_table":1,"minecraft:wheat":1,"minecraft:chicken":1,"minecraft:stone_brick_stairs":2,"minecraft:string":12,"minecraft:red_bed":6,"minecraft:moss_carpet":2,"minecraft:item_frame":5,"irons_spellbooks:arcane_essence":2,"minecraft:cobbled_deepslate":1,"minecraft:spruce_planks":39,"minecraft:beef":6,"minecraft:rose_bush":2,"minecraft:jungle_sapling":2,"minecraft:melon_slice":20,"minecraft:sugar_cane":12,"minecraft:birch_sapling":39,"minecraft:dark_oak_sapling":8,"minecraft:stick":48,"minecraft:acacia_log":7,"minecraft:spruce_fence":1,"minecraft:brown_carpet":1,"minecraft:rotten_flesh":7,"minecraft:hay_block":112,"minecraft:pink_tulip":1,"minecraft:gold_ingot":1,"minecraft:mutton":2,"minecraft:white_wool":37,"minecraft:cobblestone":15,"minecraft:birch_log":300,"born_in_chaos_v1:corpse_maggot":2,"minecraft:lilac":1,"minecraft:leather":4,"minecraft:dark_oak_boat":1,"minecraft:birch_planks":3,"minecraft:lantern":1,"minecraft:cooked_mutton":1,"minecraft:wheat_seeds":7,"minecraft:iron_ingot":8,"minecraft:gray_bed":1,"minecraft:acacia_sapling":2,"minecraft:book":171,"minecraft:scaffolding":1,"minecraft:birch_boat":2,"minecraft:stripped_spruce_log":8,"minecraft:dark_oak_log":107,"minecraft:light_gray_terracotta":2,"minecraft:purple_bed":1,"minecraft:grass":2,"minecraft:emerald":1,"minecraft:oak_sapling":1,"minecraft:melon_seeds":1,"minecraft:black_wool":3},"minecraft:killed_by":{"iceandfire:ice_dragon":1,"iceandfire:fire_dragon":4},"minecraft:broken":{"minecraft:iron_axe":1,"minecraft:wooden_axe":4,"minecraft:wooden_hoe":3},"minecraft:killed":{"irons_spellbooks:summoned_zombie":6,"born_in_chaos_v1:zombie_lumberjack":2,"born_in_chaos_v1:door_knight_not_despawn":2,"minecraft:spider":2,"born_in_chaos_v1:decrepit_skeleton":6,"minecraft:sheep":2,"born_in_chaos_v1:corpse_fly":2,"minecraft:cow":8},"minecraft:crafted":{"minecraft:wooden_sword":1,"minecraft:dark_oak_boat":1,"minecraft:birch_boat":1,"minecraft:cooked_chicken":1,"minecraft:furnace":1,"minecraft:iron_axe":1,"minecraft:chest":1,"minecraft:dark_oak_planks":20,"minecraft:cooked_beef":6,"sophisticatedbackpacks:backpack":1,"minecraft:crafting_table":11,"minecraft:spruce_planks":28,"minecraft:wooden_pickaxe":1,"minecraft:birch_planks":596,"minecraft:stone_axe":1,"minecraft:air":0,"minecraft:charcoal":4,"minecraft:wooden_hoe":3,"minecraft:stick":8,"minecraft:wooden_axe":4,"minecraft:acacia_planks":28,"minecraft:torch":16,"minecraft:shears":1},"minecraft:dropped":{"minecraft:iron_ingot":2,"minecraft:wheat_seeds":1,"minecraft:lilac":1,"minecraft:lantern":1,"minecraft:stick":8,"minecraft:dark_oak_log":2,"irons_spellbooks:arcane_essence":2,"minecraft:moss_carpet":1,"minecraft:sugar_cane":6,"minecraft:light_gray_terracotta":1,"minecraft:rotten_flesh":2,"minecraft:spruce_fence":1,"minecraft:spruce_planks":38,"born_in_chaos_v1:corpse_maggot":1,"minecraft:wooden_pickaxe":1,"domesticationinnovation:collar_tag":1,"minecraft:black_wool":2},"minecraft:mined":{"minecraft:spruce_planks":1,"minecraft:dark_oak_log":112,"minecraft:acacia_log":10,"minecraft:grass_block":2,"minecraft:spawner":3,"minecraft:hay_block":116,"minecraft:fire":1,"minecraft:stripped_spruce_log":7,"minecraft:bookshelf":58,"minecraft:pink_tulip":3,"minecraft:stone":16,"minecraft:white_wool":11,"minecraft:tripwire":1,"minecraft:acacia_leaves":3,"minecraft:scaffolding":1,"minecraft:glass_pane":2,"minecraft:red_bed":6,"minecraft:brown_stained_glass_pane":2,"minecraft:brown_carpet":1,"minecraft:crafting_table":1,"minecraft:light_gray_terracotta":2,"minecraft:melon":4,"minecraft:rose_bush":3,"minecraft:glass":1,"minecraft:tall_grass":1,"minecraft:sugar_cane":2,"minecraft:birch_planks":3,"minecraft:purple_bed":1,"minecraft:birch_log":293,"minecraft:wheat":1,"minecraft:lilac":2,"minecraft:gray_bed":1,"minecraft:stone_brick_stairs":2,"minecraft:grass":36,"minecraft:black_wool":4,"minecraft:cobweb":9,"minecraft:deepslate":1,"minecraft:fern":4}},"DataVersion":3465}