{"stats":{"minecraft:custom":{"minecraft:jump":41,"minecraft:open_chest":2,"minecraft:time_since_rest":124,"minecraft:crouch_one_cm":25,"minecraft:deaths":1,"minecraft:sprint_one_cm":9598,"minecraft:play_time":5188,"minecraft:damage_taken":226,"minecraft:time_since_death":89,"minecraft:walk_one_cm":5314,"minecraft:sneak_time":35,"minecraft:total_world_time":5188,"minecraft:fall_one_cm":1103,"minecraft:fly_one_cm":7579},"minecraft:used":{"minecraft:tropical_fish":3},"minecraft:killed_by":{"iceandfire:ice_dragon":1}},"DataVersion":3465}