{"stats":{"minecraft:dropped":{"minecraft:stone_pickaxe":1,"minecraft:smooth_basalt":1},"minecraft:mined":{"minecraft:dark_oak_planks":21,"minecraft:soul_wall_torch":4,"minecraft:glass_pane":1,"minecraft:light_blue_wool":12,"minecraft:blackstone":53,"minecraft:deepslate_diamond_ore":4,"minecraft:sculk_vein":107,"minecraft:dark_oak_log":5,"minecraft:light_blue_carpet":9,"minecraft:chest":4,"minecraft:sculk_sensor":66,"minecraft:tall_grass":1,"minecraft:blue_wool":47,"minecraft:deepslate_gold_ore":12,"minecraft:sculk":1182,"minecraft:gray_wool":233,"minecraft:cyan_wool":4,"minecraft:sculk_catalyst":1,"minecraft:fire":2,"redeco:amethyst_light_bulb":1,"minecraft:sculk_shrieker":26,"minecraft:deepslate_iron_ore":18,"minecraft:smooth_basalt":8,"minecraft:deepslate":12},"minecraft:killed_by":{"minecraft:warden":4},"minecraft:crafted":{"redeco:amethyst_light_bulb":1,"nethersdelight:blackstone_furnace":1,"minecraft:crafting_table":1,"minecraft:wooden_pickaxe":1,"minecraft:dark_oak_fence":3,"minecraft:wooden_hoe":1,"minecraft:recovery_compass":1,"minecraft:stick":16,"minecraft:iron_ingot":28,"minecraft:iron_pickaxe":1,"minecraft:stone_pickaxe":1,"minecraft:iron_block":2,"minecraft:gold_ingot":18,"minecraft:dark_oak_planks":16,"minecraft:stone_hoe":3,"minecraft:shears":1,"minecraft:gray_bed":1},"minecraft:custom":{"minecraft:interact_with_furnace":18,"minecraft:interact_with_crafting_table":27,"goblintraders:trade_with_goblin":17,"minecraft:leave_game":4,"minecraft:time_since_death":2004,"minecraft:sleep_in_bed":3,"minecraft:climb_one_cm":3191,"minecraft:time_since_rest":2033,"minecraft:sprint_one_cm":375378,"minecraft:damage_taken":1606,"minecraft:walk_one_cm":789413,"minecraft:drop":2,"minecraft:damage_dealt":2,"minecraft:fly_one_cm":168022,"minecraft:open_chest":75,"minecraft:crouch_one_cm":223174,"minecraft:play_time":227577,"minecraft:deaths":5,"minecraft:sneak_time":68981,"minecraft:walk_under_water_one_cm":263,"minecraft:jump":2175,"minecraft:walk_on_water_one_cm":3579,"minecraft:total_world_time":227577,"minecraft:fall_one_cm":65320},"minecraft:used":{"minecraft:light_blue_carpet":4,"redeco:amethyst_light_bulb":2,"minecraft:stone_pickaxe":13,"minecraft:diamond_hoe":1265,"minecraft:blue_wool":46,"minecraft:blackstone":24,"minecraft:chest":3,"minecraft:wooden_pickaxe":12,"minecraft:sculk":12,"minecraft:stone_hoe":74,"minecraft:glow_berries":53,"minecraft:crafting_table":1,"minecraft:light_blue_wool":2,"minecraft:cyan_wool":1,"minecraft:shears":186,"minecraft:dark_oak_planks":2,"minecraft:wooden_hoe":2,"minecraft:iron_pickaxe":89,"nethersdelight:blackstone_furnace":1,"minecraft:potion":4,"minecraft:dark_oak_fence":1,"minecraft:gray_bed":1,"minecraft:cobbled_deepslate":1,"minecraft:gray_wool":175,"minecraft:soul_torch":52,"minecraft:experience_bottle":4},"minecraft:picked_up":{"minecraft:lead":2,"redeco:amethyst_light_bulb":1,"minecraft:blackstone":53,"minecraft:cobbled_deepslate":12,"minecraft:raw_gold":12,"minecraft:cyan_wool":4,"minecraft:chest":3,"minecraft:blue_wool":46,"minecraft:raw_iron":18,"minecraft:smooth_basalt":8,"minecraft:soul_torch":7,"minecraft:dark_oak_log":5,"minecraft:dark_oak_planks":21,"minecraft:light_blue_wool":12,"minecraft:diamond":4,"minecraft:light_blue_carpet":9,"minecraft:gray_wool":229}},"DataVersion":3465}