{"stats":{"minecraft:crafted":{"minecraft:cherry_planks":4,"minecraft:crafting_table":2,"minecraft:stick":12,"minecraft:wooden_pickaxe":1,"farmersdelight:beetroot_crate":2,"minecraft:stone_pickaxe":1,"minecraft:wooden_axe":1,"minecraft:furnace":1,"minecraft:acacia_planks":16,"minecraft:birch_planks":8,"minecraft:stone_axe":1,"minecraft:air":0,"minecraft:cooked_mutton":2},"minecraft:custom":{"minecraft:time_since_rest":23619,"minecraft:interact_with_furnace":3,"minecraft:sprint_one_cm":159284,"minecraft:damage_taken":2157,"minecraft:walk_one_cm":74549,"minecraft:mob_kills":7,"minecraft:drop":10,"minecraft:damage_dealt":720,"minecraft:interact_with_crafting_table":6,"minecraft:damage_dealt_absorbed":8,"minecraft:swim_one_cm":12318,"minecraft:fly_one_cm":207847,"minecraft:open_barrel":5,"minecraft:open_chest":12,"minecraft:crouch_one_cm":932,"minecraft:play_time":53188,"minecraft:deaths":8,"minecraft:sneak_time":364,"minecraft:walk_under_water_one_cm":697,"minecraft:jump":948,"minecraft:time_since_death":23534,"minecraft:walk_on_water_one_cm":9647,"minecraft:climb_one_cm":2376,"minecraft:total_world_time":53188,"minecraft:fall_one_cm":32205},"minecraft:mined":{"minecraft:furnace":1,"minecraft:birch_log":2,"minecraft:cherry_log":1,"minecraft:jungle_leaves":1,"minecraft:crafting_table":2,"minecraft:grass":1,"minecraft:acacia_log":4,"minecraft:coal_ore":16,"minecraft:stone":25},"minecraft:picked_up":{"minecraft:wooden_axe":1,"minecraft:birch_log":2,"minecraft:crafting_table":3,"endrem:corrupted_eye":1,"minecraft:wooden_pickaxe":2,"minecraft:acacia_log":4,"minecraft:cherry_log":1,"alexsmobs:gazelle_horn":4,"minecraft:mutton":2,"minecraft:coal":16,"biome_backlog:palm_leaves_hanging":2,"minecraft:cobblestone":25,"minecraft:furnace":1},"minecraft:killed":{"minecraft:pillager":2,"alexsmobs:gazelle":12},"minecraft:used":{"minecraft:cooked_mutton":2,"minecraft:tropical_fish":3,"biome_backlog:palm_leaves_hanging":2,"minecraft:stone_pickaxe":35,"minecraft:wooden_pickaxe":10,"minecraft:stone_axe":11,"minecraft:cobblestone":1,"minecraft:crafting_table":3,"minecraft:furnace":1},"minecraft:dropped":{"alexsmobs:gazelle_horn":4,"endrem:corrupted_eye":1,"minecraft:wooden_axe":2,"minecraft:crafting_table":1,"minecraft:wooden_pickaxe":3},"minecraft:killed_by":{"born_in_chaos_v1:door_knight_not_despawn":1,"minecraft:player":1,"iceandfire:ice_dragon":2,"minecraft:skeleton":1,"alexsmobs:rhinoceros":1,"minecraft:pillager":1}},"DataVersion":3465}