{"stats":{"minecraft:dropped":{"minecraft:stone_pickaxe":1},"minecraft:mined":{"minecraft:dark_oak_planks":20,"minecraft:gray_wool":29,"minecraft:glass_pane":1,"minecraft:blackstone":18,"minecraft:deepslate_diamond_ore":2,"minecraft:fire":2,"minecraft:sculk_vein":17,"minecraft:dark_oak_log":2,"minecraft:light_blue_carpet":9,"minecraft:deepslate_iron_ore":11,"minecraft:chest":1,"minecraft:tall_grass":1,"minecraft:deepslate":1},"minecraft:crafted":{"nethersdelight:blackstone_furnace":1,"minecraft:dark_oak_fence":3,"minecraft:wooden_hoe":1,"minecraft:crafting_table":1,"minecraft:stick":12,"minecraft:wooden_pickaxe":1,"minecraft:iron_ingot":16,"minecraft:iron_pickaxe":1,"minecraft:stone_pickaxe":1,"minecraft:dark_oak_planks":4,"minecraft:shears":1},"minecraft:custom":{"minecraft:time_since_rest":44527,"minecraft:interact_with_furnace":11,"minecraft:sprint_one_cm":42733,"minecraft:damage_taken":150,"minecraft:walk_one_cm":235621,"minecraft:drop":1,"minecraft:interact_with_crafting_table":13,"minecraft:fly_one_cm":7309,"minecraft:open_chest":8,"goblintraders:trade_with_goblin":5,"minecraft:crouch_one_cm":21844,"minecraft:play_time":44527,"minecraft:sneak_time":4924,"minecraft:jump":272,"minecraft:leave_game":2,"minecraft:time_since_death":44527,"minecraft:total_world_time":44527,"minecraft:fall_one_cm":7674},"minecraft:used":{"minecraft:light_blue_carpet":4,"minecraft:wooden_hoe":2,"minecraft:stone_pickaxe":13,"minecraft:iron_pickaxe":8,"minecraft:chest":1,"minecraft:wooden_pickaxe":12,"nethersdelight:blackstone_furnace":1,"minecraft:glow_berries":7,"minecraft:potion":1,"minecraft:crafting_table":1,"minecraft:dark_oak_fence":1,"minecraft:cobbled_deepslate":1,"minecraft:gray_wool":13,"minecraft:shears":14,"minecraft:experience_bottle":3,"minecraft:soul_torch":2},"minecraft:picked_up":{"minecraft:raw_iron":11,"minecraft:lead":2,"minecraft:dark_oak_log":2,"minecraft:dark_oak_planks":20,"minecraft:blackstone":18,"minecraft:diamond":2,"minecraft:cobbled_deepslate":1,"minecraft:light_blue_carpet":9,"minecraft:gray_wool":29,"minecraft:chest":1}},"DataVersion":3465}