{"stats":{"minecraft:dropped":{"minecraft:goat_horn":2,"alexsmobs:gazelle_horn":4,"minecraft:crafting_table":1,"minecraft:crossbow":1,"minecraft:red_carpet":7,"endrem:corrupted_eye":1,"minecraft:wooden_axe":2,"minecraft:wooden_pickaxe":3},"minecraft:mined":{"minecraft:oak_slab":5,"minecraft:cherry_log":1,"minecraft:stripped_dark_oak_log":2,"minecraft:jungle_leaves":1,"minecraft:spruce_door":3,"minecraft:oak_fence":1,"minecraft:crafting_table":2,"minecraft:ladder":3,"minecraft:acacia_log":6,"redeco:dark_oak_pedestal":4,"minecraft:andesite_slab":2,"minecraft:stone_slab":1,"minecraft:cobblestone":6,"minecraft:stone_stairs":2,"minecraft:furnace":1,"minecraft:birch_log":2,"minecraft:fire":1,"minecraft:grass":2,"minecraft:coal_ore":16,"minecraft:gravel":12,"minecraft:gray_carpet":3,"minecraft:stripped_oak_log":4,"minecraft:stone":25,"minecraft:gray_candle":1},"minecraft:killed":{"minecraft:pillager":6,"alexsmobs:gazelle":12},"minecraft:killed_by":{"minecraft:player":1,"iceandfire:ice_dragon":2,"minecraft:skeleton":1,"alexsmobs:rhinoceros":1,"minecraft:pillager":2,"born_in_chaos_v1:door_knight_not_despawn":1},"minecraft:crafted":{"minecraft:cherry_planks":4,"minecraft:oak_planks":16,"minecraft:crafting_table":2,"farmersdelight:iron_knife":1,"farmersdelight:potato_crate":1,"minecraft:wooden_pickaxe":1,"farmersdelight:beetroot_crate":2,"minecraft:furnace":1,"minecraft:birch_planks":8,"minecraft:stone_axe":1,"minecraft:bread":3,"minecraft:air":0,"minecraft:cooked_mutton":2,"minecraft:flint_and_steel":1,"redeco:dark_oak_pedestal":2,"minecraft:stick":20,"minecraft:stone_pickaxe":1,"minecraft:wooden_axe":1,"minecraft:acacia_planks":16,"minecraft:dark_oak_planks":4},"minecraft:custom":{"minecraft:interact_with_smithing_table":2,"minecraft:interact_with_furnace":3,"minecraft:mob_kills":9,"minecraft:interact_with_crafting_table":17,"minecraft:open_barrel":17,"minecraft:interact_with_campfire":13,"minecraft:interact_with_grindstone":1,"minecraft:time_since_death":52641,"minecraft:climb_one_cm":2527,"minecraft:time_since_rest":52670,"minecraft:sprint_one_cm":211443,"minecraft:damage_taken":2615,"minecraft:walk_one_cm":160592,"minecraft:damage_blocked_by_shield":1440,"minecraft:drop":14,"minecraft:damage_dealt":1290,"minecraft:damage_dealt_absorbed":8,"minecraft:swim_one_cm":17291,"minecraft:fly_one_cm":250989,"minecraft:open_chest":16,"minecraft:crouch_one_cm":1127,"minecraft:play_time":112316,"minecraft:deaths":9,"minecraft:sneak_time":822,"minecraft:walk_under_water_one_cm":2373,"minecraft:jump":1128,"minecraft:interact_with_blast_furnace":1,"minecraft:walk_on_water_one_cm":14450,"minecraft:total_world_time":112316,"minecraft:fall_one_cm":43795},"minecraft:used":{"minecraft:cooked_mutton":2,"minecraft:spruce_door":3,"minecraft:flint_and_steel":5,"minecraft:tropical_fish":3,"minecraft:gray_carpet":3,"minecraft:stone_pickaxe":47,"minecraft:ladder":3,"minecraft:baked_potato":3,"redeco:dark_oak_pedestal":6,"minecraft:wooden_pickaxe":10,"minecraft:shield":24,"minecraft:crafting_table":3,"minecraft:dark_oak_log":2,"biome_backlog:palm_leaves_hanging":2,"minecraft:bread":2,"minecraft:gray_candle":3,"minecraft:gravel":11,"minecraft:stone_axe":42,"minecraft:cobblestone":13,"minecraft:furnace":2},"minecraft:picked_up":{"minecraft:wooden_axe":1,"minecraft:stripped_oak_log":4,"minecraft:birch_log":2,"minecraft:crafting_table":3,"minecraft:ladder":3,"minecraft:stone_slab":1,"endrem:corrupted_eye":1,"minecraft:wooden_pickaxe":2,"minecraft:flint":1,"redeco:dark_oak_pedestal":4,"alexsmobs:gazelle_horn":4,"minecraft:stone_stairs":2,"minecraft:red_carpet":7,"minecraft:gray_carpet":3,"minecraft:cooked_chicken":2,"minecraft:gray_candle":3,"biome_backlog:palm_leaves_hanging":2,"minecraft:furnace":1,"minecraft:oak_slab":5,"minecraft:cooked_porkchop":3,"minecraft:oak_fence":1,"minecraft:acacia_log":6,"minecraft:gravel":11,"minecraft:cherry_log":1,"minecraft:spruce_door":3,"minecraft:cooked_cod":1,"minecraft:baked_potato":13,"minecraft:stripped_dark_oak_log":2,"minecraft:mutton":2,"minecraft:coal":16,"minecraft:andesite_slab":2,"minecraft:cobblestone":31}},"DataVersion":3465}