{"stats":{"minecraft:dropped":{"minecraft:stone_pickaxe":1,"minecraft:smooth_basalt":1},"minecraft:mined":{"minecraft:dark_oak_planks":21,"minecraft:soul_wall_torch":3,"minecraft:glass_pane":1,"minecraft:light_blue_wool":12,"minecraft:blackstone":47,"minecraft:deepslate_diamond_ore":4,"minecraft:sculk_vein":105,"minecraft:dark_oak_log":5,"minecraft:light_blue_carpet":9,"minecraft:chest":4,"minecraft:sculk_sensor":51,"minecraft:tall_grass":1,"minecraft:blue_wool":38,"minecraft:deepslate_gold_ore":12,"minecraft:sculk":1182,"minecraft:gray_wool":220,"minecraft:cyan_wool":4,"minecraft:sculk_catalyst":1,"minecraft:fire":2,"redeco:amethyst_light_bulb":1,"minecraft:sculk_shrieker":16,"minecraft:deepslate_iron_ore":17,"minecraft:smooth_basalt":8,"minecraft:deepslate":12},"minecraft:killed_by":{"minecraft:warden":3},"minecraft:crafted":{"redeco:amethyst_light_bulb":1,"nethersdelight:blackstone_furnace":1,"minecraft:crafting_table":1,"minecraft:wooden_pickaxe":1,"minecraft:dark_oak_fence":3,"minecraft:wooden_hoe":1,"minecraft:recovery_compass":1,"minecraft:stick":16,"minecraft:iron_ingot":28,"minecraft:iron_pickaxe":1,"minecraft:stone_pickaxe":1,"minecraft:iron_block":2,"minecraft:gold_ingot":18,"minecraft:dark_oak_planks":16,"minecraft:stone_hoe":3,"minecraft:shears":1,"minecraft:gray_bed":1},"minecraft:custom":{"minecraft:interact_with_furnace":18,"minecraft:interact_with_crafting_table":27,"goblintraders:trade_with_goblin":17,"minecraft:leave_game":4,"minecraft:time_since_death":18283,"minecraft:sleep_in_bed":2,"minecraft:climb_one_cm":2519,"minecraft:time_since_rest":18332,"minecraft:sprint_one_cm":312573,"minecraft:damage_taken":1206,"minecraft:walk_one_cm":708201,"minecraft:drop":2,"minecraft:damage_dealt":2,"minecraft:fly_one_cm":138786,"minecraft:open_chest":71,"minecraft:crouch_one_cm":145784,"minecraft:play_time":192998,"minecraft:deaths":3,"minecraft:sneak_time":47247,"minecraft:walk_under_water_one_cm":263,"minecraft:jump":1725,"minecraft:walk_on_water_one_cm":3579,"minecraft:total_world_time":192998,"minecraft:fall_one_cm":43237},"minecraft:used":{"minecraft:light_blue_carpet":4,"redeco:amethyst_light_bulb":2,"minecraft:stone_pickaxe":13,"minecraft:diamond_hoe":1265,"minecraft:blue_wool":10,"minecraft:chest":3,"minecraft:wooden_pickaxe":12,"minecraft:sculk":12,"minecraft:stone_hoe":54,"minecraft:glow_berries":53,"minecraft:crafting_table":1,"minecraft:light_blue_wool":2,"minecraft:cyan_wool":1,"minecraft:shears":186,"minecraft:wooden_hoe":2,"minecraft:iron_pickaxe":82,"nethersdelight:blackstone_furnace":1,"minecraft:potion":4,"minecraft:dark_oak_fence":1,"minecraft:gray_bed":1,"minecraft:cobbled_deepslate":1,"minecraft:gray_wool":166,"minecraft:soul_torch":49,"minecraft:experience_bottle":4},"minecraft:picked_up":{"minecraft:lead":2,"redeco:amethyst_light_bulb":1,"minecraft:blackstone":47,"minecraft:cobbled_deepslate":12,"minecraft:raw_gold":12,"minecraft:cyan_wool":4,"minecraft:chest":3,"minecraft:blue_wool":37,"minecraft:raw_iron":17,"minecraft:smooth_basalt":8,"minecraft:soul_torch":4,"minecraft:dark_oak_log":5,"minecraft:dark_oak_planks":21,"minecraft:diamond":4,"minecraft:light_blue_wool":12,"minecraft:light_blue_carpet":9,"minecraft:gray_wool":216}},"DataVersion":3465}