{"stats":{"minecraft:crafted":{"minecraft:cherry_planks":4,"minecraft:crafting_table":2,"minecraft:stick":12,"minecraft:wooden_pickaxe":1,"minecraft:stone_pickaxe":1,"minecraft:wooden_axe":1,"minecraft:furnace":1,"minecraft:acacia_planks":16,"minecraft:birch_planks":8,"minecraft:stone_axe":1},"minecraft:custom":{"minecraft:time_since_rest":8068,"minecraft:interact_with_furnace":1,"minecraft:sprint_one_cm":123511,"minecraft:damage_taken":1937,"minecraft:walk_one_cm":48463,"minecraft:mob_kills":4,"minecraft:drop":7,"minecraft:damage_dealt":320,"minecraft:interact_with_crafting_table":5,"minecraft:damage_dealt_absorbed":8,"minecraft:swim_one_cm":11579,"minecraft:fly_one_cm":173187,"minecraft:open_barrel":4,"minecraft:open_chest":4,"minecraft:crouch_one_cm":628,"minecraft:play_time":29188,"minecraft:deaths":7,"minecraft:sneak_time":275,"minecraft:walk_under_water_one_cm":649,"minecraft:jump":791,"minecraft:time_since_death":8019,"minecraft:walk_on_water_one_cm":9275,"minecraft:climb_one_cm":2134,"minecraft:total_world_time":29188,"minecraft:fall_one_cm":27741},"minecraft:mined":{"minecraft:birch_log":2,"minecraft:cherry_log":1,"minecraft:jungle_leaves":1,"minecraft:crafting_table":1,"minecraft:acacia_log":4,"minecraft:coal_ore":16,"minecraft:stone":25},"minecraft:picked_up":{"minecraft:wooden_axe":1,"minecraft:birch_log":2,"minecraft:crafting_table":2,"minecraft:wooden_pickaxe":2,"minecraft:acacia_log":4,"minecraft:cherry_log":1,"alexsmobs:gazelle_horn":2,"minecraft:mutton":1,"minecraft:coal":16,"biome_backlog:palm_leaves_hanging":2,"minecraft:cobblestone":25},"minecraft:killed":{"alexsmobs:gazelle":8},"minecraft:used":{"minecraft:tropical_fish":3,"biome_backlog:palm_leaves_hanging":2,"minecraft:stone_pickaxe":34,"minecraft:wooden_pickaxe":10,"minecraft:stone_axe":4,"minecraft:cobblestone":1,"minecraft:crafting_table":3,"minecraft:furnace":1},"minecraft:dropped":{"alexsmobs:gazelle_horn":2,"minecraft:wooden_axe":2,"minecraft:crafting_table":1,"minecraft:wooden_pickaxe":3},"minecraft:killed_by":{"born_in_chaos_v1:door_knight_not_despawn":1,"minecraft:player":1,"iceandfire:ice_dragon":2,"minecraft:skeleton":1,"minecraft:pillager":1}},"DataVersion":3465}